<?xml version="1.0" encoding="UTF-8" ?>
<!DOCTYPE mapper PUBLIC "-//mybatis.org//DTD Mapper 3.0//EN" "http://mybatis.org/dtd/mybatis-3-mapper.dtd" >
<mapper namespace="JW.mapper.AuthRoleMapper">
	<resultMap id="BaseResultMap" type="JW.pojo.AuthRole">
		<id column="id" property="id" jdbcType="VARCHAR" />
		<result column="name" property="name" jdbcType="VARCHAR" />
		<result column="code" property="code" jdbcType="VARCHAR" />
		<result column="description" property="description" jdbcType="VARCHAR" />
	</resultMap>
	<sql id="Example_Where_Clause">
		<where>
			<foreach collection="oredCriteria" item="criteria" separator="or">
				<if test="criteria.valid">
					<trim prefix="(" suffix=")" prefixOverrides="and">
						<foreach collection="criteria.criteria" item="criterion">
							<choose>
								<when test="criterion.noValue">
									and ${criterion.condition}
								</when>
								<when test="criterion.singleValue">
									and ${criterion.condition} #{criterion.value}
								</when>
								<when test="criterion.betweenValue">
									and ${criterion.condition} #{criterion.value}
									and
									#{criterion.secondValue}
								</when>
								<when test="criterion.listValue">
									and ${criterion.condition}
									<foreach collection="criterion.value" item="listItem"
										open="(" close=")" separator=",">
										#{listItem}
									</foreach>
								</when>
							</choose>
						</foreach>
					</trim>
				</if>
			</foreach>
		</where>
	</sql>
	<sql id="Update_By_Example_Where_Clause">
		<where>
			<foreach collection="example.oredCriteria" item="criteria"
				separator="or">
				<if test="criteria.valid">
					<trim prefix="(" suffix=")" prefixOverrides="and">
						<foreach collection="criteria.criteria" item="criterion">
							<choose>
								<when test="criterion.noValue">
									and ${criterion.condition}
								</when>
								<when test="criterion.singleValue">
									and ${criterion.condition} #{criterion.value}
								</when>
								<when test="criterion.betweenValue">
									and ${criterion.condition} #{criterion.value}
									and
									#{criterion.secondValue}
								</when>
								<when test="criterion.listValue">
									and ${criterion.condition}
									<foreach collection="criterion.value" item="listItem"
										open="(" close=")" separator=",">
										#{listItem}
									</foreach>
								</when>
							</choose>
						</foreach>
					</trim>
				</if>
			</foreach>
		</where>
	</sql>
	<sql id="Base_Column_List">
		id, name, code, description
	</sql>
	<select id="selectByExample" resultMap="BaseResultMap"
		parameterType="JW.pojo.AuthRoleExample">
		select
		<if test="distinct">
			distinct
		</if>
		<include refid="Base_Column_List" />
		from auth_role
		<if test="_parameter != null">
			<include refid="Example_Where_Clause" />
		</if>
		<if test="orderByClause != null">
			order by ${orderByClause}
		</if>
	</select>
	<select id="selectByPrimaryKey" resultMap="BaseResultMap"
		parameterType="java.lang.String">
		select
		<include refid="Base_Column_List" />
		from auth_role
		where id = #{id,jdbcType=VARCHAR}
	</select>
	<delete id="deleteByPrimaryKey" parameterType="java.lang.String">
		delete from
		auth_role
		where id = #{id,jdbcType=VARCHAR}
	</delete>
	<delete id="deleteByExample" parameterType="JW.pojo.AuthRoleExample">
		delete from auth_role
		<if test="_parameter != null">
			<include refid="Example_Where_Clause" />
		</if>
	</delete>
	<insert id="insert" parameterType="JW.pojo.AuthRole">
		<selectKey keyProperty="id" resultType="String" order="BEFORE">
			select replace(uuid(),'-','') from dual
		</selectKey>
		insert into auth_role (id,
		name, code,
		description)
		values
		(#{id,jdbcType=VARCHAR},
		#{name,jdbcType=VARCHAR},
		#{code,jdbcType=VARCHAR},
		#{description,jdbcType=VARCHAR})
	</insert>
	<!-- roleAddFunction 角色添加权限 -->
	<insert id="RoleinsertFunction" parameterType="java.lang.String">
		INSERT INTO `role_function` VALUES (#{0},#{1})
	</insert>
	<insert id="insertSelective" parameterType="JW.pojo.AuthRole">
		insert into auth_role
		<trim prefix="(" suffix=")" suffixOverrides=",">
			<if test="id != null">
				id,
			</if>
			<if test="name != null">
				name,
			</if>
			<if test="code != null">
				code,
			</if>
			<if test="description != null">
				description,
			</if>
		</trim>
		<trim prefix="values (" suffix=")" suffixOverrides=",">
			<if test="id != null">
				#{id,jdbcType=VARCHAR},
			</if>
			<if test="name != null">
				#{name,jdbcType=VARCHAR},
			</if>
			<if test="code != null">
				#{code,jdbcType=VARCHAR},
			</if>
			<if test="description != null">
				#{description,jdbcType=VARCHAR},
			</if>
		</trim>
	</insert>
	<select id="countByExample" parameterType="JW.pojo.AuthRoleExample"
		resultType="java.lang.Integer">
		select count(*) from auth_role
		<if test="_parameter != null">
			<include refid="Example_Where_Clause" />
		</if>
	</select>
	<update id="updateByExampleSelective" parameterType="map">
		update auth_role
		<set>
			<if test="record.id != null">
				id = #{record.id,jdbcType=VARCHAR},
			</if>
			<if test="record.name != null">
				name = #{record.name,jdbcType=VARCHAR},
			</if>
			<if test="record.code != null">
				code = #{record.code,jdbcType=VARCHAR},
			</if>
			<if test="record.description != null">
				description = #{record.description,jdbcType=VARCHAR},
			</if>
		</set>
		<if test="_parameter != null">
			<include refid="Update_By_Example_Where_Clause" />
		</if>
	</update>
	<update id="updateByExample" parameterType="map">
		update auth_role
		set id = #{record.id,jdbcType=VARCHAR},
		name =
		#{record.name,jdbcType=VARCHAR},
		code =
		#{record.code,jdbcType=VARCHAR},
		description =
		#{record.description,jdbcType=VARCHAR}
		<if test="_parameter != null">
			<include refid="Update_By_Example_Where_Clause" />
		</if>
	</update>
	<update id="updateByPrimaryKeySelective" parameterType="JW.pojo.AuthRole">
		update auth_role
		<set>
			<if test="name != null">
				name = #{name,jdbcType=VARCHAR},
			</if>
			<if test="code != null">
				code = #{code,jdbcType=VARCHAR},
			</if>
			<if test="description != null">
				description = #{description,jdbcType=VARCHAR},
			</if>
		</set>
		where id = #{id,jdbcType=VARCHAR}
	</update>
	<update id="updateByPrimaryKey" parameterType="JW.pojo.AuthRole">
		update auth_role
		set name = #{name,jdbcType=VARCHAR},
		code = #{code,jdbcType=VARCHAR},
		description = #{description,jdbcType=VARCHAR}
		where id =
		#{id,jdbcType=VARCHAR}
	</update>
</mapper>