<?xml version="1.0" encoding="UTF-8" ?>
<!DOCTYPE mapper PUBLIC "-//mybatis.org//DTD Mapper 3.0//EN" "http://mybatis.org/dtd/mybatis-3-mapper.dtd" >
<mapper namespace="JW.mapper.TCollegeMapper">
	<resultMap id="BaseResultMap" type="JW.pojo.TCollege">
		<id column="id" property="id" jdbcType="VARCHAR" />
		<result column="name" property="name" jdbcType="VARCHAR" />
		<result column="status" property="status" jdbcType="CHAR" />
	</resultMap>
	<sql id="Example_Where_Clause">
		<where>
			<foreach collection="oredCriteria" item="criteria" separator="or">
				<if test="criteria.valid">
					<trim prefix="(" suffix=")" prefixOverrides="and">
						<foreach collection="criteria.criteria" item="criterion">
							<choose>
								<when test="criterion.noValue">
									and ${criterion.condition}
								</when>
								<when test="criterion.singleValue">
									and ${criterion.condition} #{criterion.value}
								</when>
								<when test="criterion.betweenValue">
									and ${criterion.condition} #{criterion.value}
									and
									#{criterion.secondValue}
								</when>
								<when test="criterion.listValue">
									and ${criterion.condition}
									<foreach collection="criterion.value" item="listItem"
										open="(" close=")" separator=",">
										#{listItem}
									</foreach>
								</when>
							</choose>
						</foreach>
					</trim>
				</if>
			</foreach>
		</where>
	</sql>
	<sql id="Update_By_Example_Where_Clause">
		<where>
			<foreach collection="example.oredCriteria" item="criteria"
				separator="or">
				<if test="criteria.valid">
					<trim prefix="(" suffix=")" prefixOverrides="and">
						<foreach collection="criteria.criteria" item="criterion">
							<choose>
								<when test="criterion.noValue">
									and ${criterion.condition}
								</when>
								<when test="criterion.singleValue">
									and ${criterion.condition} #{criterion.value}
								</when>
								<when test="criterion.betweenValue">
									and ${criterion.condition} #{criterion.value}
									and
									#{criterion.secondValue}
								</when>
								<when test="criterion.listValue">
									and ${criterion.condition}
									<foreach collection="criterion.value" item="listItem"
										open="(" close=")" separator=",">
										#{listItem}
									</foreach>
								</when>
							</choose>
						</foreach>
					</trim>
				</if>
			</foreach>
		</where>
	</sql>
	<sql id="Base_Column_List">
		id, name, status
	</sql>
	<select id="selectByExample" resultMap="BaseResultMap"
		parameterType="JW.pojo.TCollegeExample">
		select
		<if test="distinct">
			distinct
		</if>
		<include refid="Base_Column_List" />
		from t_college
		<if test="_parameter != null">
			<include refid="Example_Where_Clause" />
		</if>
		<if test="orderByClause != null">
			order by ${orderByClause}
		</if>
	</select>
	<select id="selectByPrimaryKey" resultMap="BaseResultMap"
		parameterType="java.lang.String">
		select
		<include refid="Base_Column_List" />
		from t_college
		where id = #{id,jdbcType=VARCHAR}
	</select>
	<delete id="deleteByPrimaryKey" parameterType="java.lang.String">
		delete from
		t_college
		where id = #{id,jdbcType=VARCHAR}
	</delete>

	<delete id="deleteByExample" parameterType="JW.pojo.TCollegeExample">
		delete from t_college
		<if test="_parameter != null">
			<include refid="Example_Where_Clause" />
		</if>
	</delete>

	<insert id="insert" parameterType="JW.pojo.TCollege">
		insert into t_college (id,
		name, status
		)
		values (#{id,jdbcType=VARCHAR}, #{name,jdbcType=VARCHAR},
		#{status,jdbcType=CHAR}
		)
	</insert>
	<insert id="insertSelective" parameterType="JW.pojo.TCollege">
		insert into t_college
		<trim prefix="(" suffix=")" suffixOverrides=",">
			<if test="id != null">
				id,
			</if>
			<if test="name != null">
				name,
			</if>
			<if test="status != null">
				status,
			</if>
		</trim>
		<trim prefix="values (" suffix=")" suffixOverrides=",">
			<if test="id != null">
				#{id,jdbcType=VARCHAR},
			</if>
			<if test="name != null">
				#{name,jdbcType=VARCHAR},
			</if>
			<if test="status != null">
				#{status,jdbcType=CHAR},
			</if>
		</trim>
	</insert>
	<select id="countByExample" parameterType="JW.pojo.TCollegeExample"
		resultType="java.lang.Integer">
		select count(*) from t_college
		<if test="_parameter != null">
			<include refid="Example_Where_Clause" />
		</if>
	</select>
	<update id="updateByExampleSelective" parameterType="map">
		update t_college
		<set>
			<if test="record.id != null">
				id = #{record.id,jdbcType=VARCHAR},
			</if>
			<if test="record.name != null">
				name = #{record.name,jdbcType=VARCHAR},
			</if>
			<if test="record.status != null">
				status = #{record.status,jdbcType=CHAR},
			</if>
		</set>
		<if test="_parameter != null">
			<include refid="Update_By_Example_Where_Clause" />
		</if>
	</update>
	<update id="updateByExample" parameterType="map">
		update t_college
		set id = #{record.id,jdbcType=VARCHAR},
		name =
		#{record.name,jdbcType=VARCHAR},
		status =
		#{record.status,jdbcType=CHAR}
		<if test="_parameter != null">
			<include refid="Update_By_Example_Where_Clause" />
		</if>
	</update>
	<update id="updateByPrimaryKeySelective" parameterType="JW.pojo.TCollege">
		update t_college
		<set>
			<if test="name != null">
				name = #{name,jdbcType=VARCHAR},
			</if>
			<if test="status != null">
				status = #{status,jdbcType=CHAR},
			</if>
		</set>
		where id = #{id,jdbcType=VARCHAR}
	</update>
	<update id="updateByPrimaryKey" parameterType="JW.pojo.TCollege">
		update t_college
		set name = #{name,jdbcType=VARCHAR},
		status = #{status,jdbcType=CHAR}
		where id = #{id,jdbcType=VARCHAR}
	</update>


</mapper>