<?xml version="1.0" encoding="UTF-8" ?>
<!DOCTYPE mapper PUBLIC "-//mybatis.org//DTD Mapper 3.0//EN" "http://mybatis.org/dtd/mybatis-3-mapper.dtd" >
<mapper namespace="JW.mapper.TSpecialtyMapper">
	<resultMap id="BaseResultMap" type="JW.pojo.TSpecialty">
		<id column="id" property="id" jdbcType="VARCHAR" />
		<result column="name" property="name" jdbcType="VARCHAR" />
		<result column="college_id" property="collegeId" jdbcType="VARCHAR" />
		<result column="status" property="status" jdbcType="CHAR" />
	</resultMap>
	<resultMap id="ManyResultMap" type="JW.pojo.TSpecialty">
		<id column="id" property="id" jdbcType="VARCHAR" />
		<result column="name" property="name" jdbcType="VARCHAR" />
		<result column="college_id" property="collegeId" jdbcType="VARCHAR" />
		<result column="status" property="status" jdbcType="CHAR" />
		<association property="college" javaType="JW.pojo.TCollege">
			<id column="cid" property="id" jdbcType="VARCHAR" />
			<result column="cname" property="name" jdbcType="VARCHAR" />
			<result column="cstatus" property="status" jdbcType="CHAR" />
		</association>
	</resultMap>
	<sql id="Example_Where_Clause">
		<where>
			<foreach collection="oredCriteria" item="criteria" separator="or">
				<if test="criteria.valid">
					<trim prefix="(" suffix=")" prefixOverrides="and">
						<foreach collection="criteria.criteria" item="criterion">
							<choose>
								<when test="criterion.noValue">
									and ${criterion.condition}
								</when>
								<when test="criterion.singleValue">
									and ${criterion.condition} #{criterion.value}
								</when>
								<when test="criterion.betweenValue">
									and ${criterion.condition} #{criterion.value}
									and
									#{criterion.secondValue}
								</when>
								<when test="criterion.listValue">
									and ${criterion.condition}
									<foreach collection="criterion.value" item="listItem"
										open="(" close=")" separator=",">
										#{listItem}
									</foreach>
								</when>
							</choose>
						</foreach>
					</trim>
				</if>
			</foreach>
		</where>
	</sql>
	<sql id="Update_By_Example_Where_Clause">
		<where>
			<foreach collection="example.oredCriteria" item="criteria"
				separator="or">
				<if test="criteria.valid">
					<trim prefix="(" suffix=")" prefixOverrides="and">
						<foreach collection="criteria.criteria" item="criterion">
							<choose>
								<when test="criterion.noValue">
									and ${criterion.condition}
								</when>
								<when test="criterion.singleValue">
									and ${criterion.condition} #{criterion.value}
								</when>
								<when test="criterion.betweenValue">
									and ${criterion.condition} #{criterion.value}
									and
									#{criterion.secondValue}
								</when>
								<when test="criterion.listValue">
									and ${criterion.condition}
									<foreach collection="criterion.value" item="listItem"
										open="(" close=")" separator=",">
										#{listItem}
									</foreach>
								</when>
							</choose>
						</foreach>
					</trim>
				</if>
			</foreach>
		</where>
	</sql>
	<sql id="Base_Column_List">
		id, name, college_id, status
	</sql>
	<select id="selectByExample" resultMap="BaseResultMap"
		parameterType="JW.pojo.TSpecialtyExample">
		select
		<if test="distinct">
			distinct
		</if>
		<include refid="Base_Column_List" />
		from t_specialty
		<if test="_parameter != null">
			<include refid="Example_Where_Clause" />
		</if>
		<if test="orderByClause != null">
			order by ${orderByClause}
		</if>
	</select>
	<!-- 多对一查询 -->
	<select id="findAll" resultMap="ManyResultMap">
		SELECT DISTINCT
		s.`id`,s.`name`,s.`status`,s.`college_id`,c.`name` cname,c.`status`
		cstatus,c.`id` cid
		FROM
		`t_specialty` s LEFT
		JOIN `t_college` c ON
		s.`college_id`=c.`id`
	</select>

	<select id="selectByPrimaryKey" resultMap="BaseResultMap"
		parameterType="java.lang.String">
		select
		<include refid="Base_Column_List" />
		from t_specialty
		where id = #{id,jdbcType=VARCHAR}
	</select>
	<delete id="deleteByPrimaryKey" parameterType="java.lang.String">
		delete from
		t_specialty
		where id = #{id,jdbcType=VARCHAR}
	</delete>
	<delete id="deleteByExample" parameterType="JW.pojo.TSpecialtyExample">
		delete from t_specialty
		<if test="_parameter != null">
			<include refid="Example_Where_Clause" />
		</if>
	</delete>
	<insert id="insert" parameterType="JW.pojo.TSpecialty">
		<selectKey keyProperty="id" resultType="String" order="BEFORE">
			select replace(uuid(),'-','') from dual
		</selectKey>
		insert into t_specialty (id,
		name, college_id,
		status)
		values
		(#{id,jdbcType=VARCHAR},
		#{name,jdbcType=VARCHAR},
		#{collegeId,jdbcType=VARCHAR},
		#{status,jdbcType=CHAR})
	</insert>
	<insert id="insertSelective" parameterType="JW.pojo.TSpecialty">
		<selectKey keyProperty="id" resultType="String" order="BEFORE">
			select replace(uuid(),'-','') from dual
		</selectKey>
		insert into t_specialty
		<trim prefix="(" suffix=")" suffixOverrides=",">
			<if test="id != null">
				id,
			</if>
			<if test="name != null">
				name,
			</if>
			<if test="collegeId != null">
				college_id,
			</if>
			<if test="status != null">
				status,
			</if>
		</trim>
		<trim prefix="values (" suffix=")" suffixOverrides=",">
			<if test="id != null">
				#{id,jdbcType=VARCHAR},
			</if>
			<if test="name != null">
				#{name,jdbcType=VARCHAR},
			</if>
			<if test="collegeId != null">
				#{collegeId,jdbcType=VARCHAR},
			</if>
			<if test="status != null">
				#{status,jdbcType=CHAR},
			</if>
		</trim>
	</insert>
	<select id="countByExample" parameterType="JW.pojo.TSpecialtyExample"
		resultType="java.lang.Integer">
		select count(*) from t_specialty
		<if test="_parameter != null">
			<include refid="Example_Where_Clause" />
		</if>
	</select>
	<update id="updateByExampleSelective" parameterType="map">
		update t_specialty
		<set>
			<if test="record.id != null">
				id = #{record.id,jdbcType=VARCHAR},
			</if>
			<if test="record.name != null">
				name = #{record.name,jdbcType=VARCHAR},
			</if>
			<if test="record.collegeId != null">
				college_id = #{record.collegeId,jdbcType=VARCHAR},
			</if>
			<if test="record.status != null">
				status = #{record.status,jdbcType=CHAR},
			</if>
		</set>
		<if test="_parameter != null">
			<include refid="Update_By_Example_Where_Clause" />
		</if>
	</update>
	<update id="updateByExample" parameterType="map">
		update t_specialty
		set id = #{record.id,jdbcType=VARCHAR},
		name =
		#{record.name,jdbcType=VARCHAR},
		college_id =
		#{record.collegeId,jdbcType=VARCHAR},
		status =
		#{record.status,jdbcType=CHAR}
		<if test="_parameter != null">
			<include refid="Update_By_Example_Where_Clause" />
		</if>
	</update>
	<update id="updateByPrimaryKeySelective" parameterType="JW.pojo.TSpecialty">
		update t_specialty
		<set>
			<if test="name != null">
				name = #{name,jdbcType=VARCHAR},
			</if>
			<if test="collegeId != null">
				college_id = #{collegeId,jdbcType=VARCHAR},
			</if>
			<if test="status != null">
				status = #{status,jdbcType=CHAR},
			</if>
		</set>
		where id = #{id,jdbcType=VARCHAR}
	</update>
	<update id="updateByPrimaryKey" parameterType="JW.pojo.TSpecialty">
		update t_specialty
		set name = #{name,jdbcType=VARCHAR},
		college_id =
		#{collegeId,jdbcType=VARCHAR},
		status = #{status,jdbcType=CHAR}
		where id
		= #{id,jdbcType=VARCHAR}
	</update>
	<!-- 作废专业 -->
	<update id="deleteBatch" parameterType="java.lang.String">
		update t_specialty
		set
		status=1
		where id
		= #{id,jdbcType=VARCHAR}
	</update>

</mapper>