<?xml version="1.0" encoding="UTF-8"?>
<!DOCTYPE mapper PUBLIC "-//mybatis.org//DTD Mapper 3.0//EN" "http://mybatis.org/dtd/mybatis-3-mapper.dtd">
<mapper namespace="JW.mapper.AuthFunctionMapper">
  <resultMap id="BaseResultMap" type="JW.pojo.AuthFunction">
    <id column="id" jdbcType="VARCHAR" property="id" />
    <result column="name" jdbcType="VARCHAR" property="name" />
    <result column="code" jdbcType="VARCHAR" property="code" />
    <result column="description" jdbcType="VARCHAR" property="description" />
    <result column="page" jdbcType="VARCHAR" property="page" />
    <result column="generatemenu" jdbcType="VARCHAR" property="generatemenu" />
    <result column="zindex" jdbcType="INTEGER" property="zindex" />
    <result column="pid" jdbcType="VARCHAR" property="pid" />
  </resultMap>
  <sql id="Example_Where_Clause">
    <where>
      <foreach collection="oredCriteria" item="criteria" separator="or">
        <if test="criteria.valid">
          <trim prefix="(" prefixOverrides="and" suffix=")">
            <foreach collection="criteria.criteria" item="criterion">
              <choose>
                <when test="criterion.noValue">
                  and ${criterion.condition}
                </when>
                <when test="criterion.singleValue">
                  and ${criterion.condition} #{criterion.value}
                </when>
                <when test="criterion.betweenValue">
                  and ${criterion.condition} #{criterion.value} and #{criterion.secondValue}
                </when>
                <when test="criterion.listValue">
                  and ${criterion.condition}
                  <foreach close=")" collection="criterion.value" item="listItem" open="(" separator=",">
                    #{listItem}
                  </foreach>
                </when>
              </choose>
            </foreach>
          </trim>
        </if>
      </foreach>
    </where>
  </sql>
  <sql id="Update_By_Example_Where_Clause">
    <where>
      <foreach collection="example.oredCriteria" item="criteria" separator="or">
        <if test="criteria.valid">
          <trim prefix="(" prefixOverrides="and" suffix=")">
            <foreach collection="criteria.criteria" item="criterion">
              <choose>
                <when test="criterion.noValue">
                  and ${criterion.condition}
                </when>
                <when test="criterion.singleValue">
                  and ${criterion.condition} #{criterion.value}
                </when>
                <when test="criterion.betweenValue">
                  and ${criterion.condition} #{criterion.value} and #{criterion.secondValue}
                </when>
                <when test="criterion.listValue">
                  and ${criterion.condition}
                  <foreach close=")" collection="criterion.value" item="listItem" open="(" separator=",">
                    #{listItem}
                  </foreach>
                </when>
              </choose>
            </foreach>
          </trim>
        </if>
      </foreach>
    </where>
  </sql>
  <sql id="Base_Column_List">
    id, name, code, description, page, generatemenu, zindex, pid
  </sql>
  <select id="selectByExample" parameterType="JW.pojo.AuthFunctionExample" resultMap="BaseResultMap">
    select
    <if test="distinct">
      distinct
    </if>
    <include refid="Base_Column_List" />
    from auth_function
    <if test="_parameter != null">
      <include refid="Example_Where_Clause" />
    </if>
    <if test="orderByClause != null">
      order by ${orderByClause}
    </if>
  </select>
  <select id="selectByPrimaryKey" parameterType="java.lang.String" resultMap="BaseResultMap">
    select 
    <include refid="Base_Column_List" />
    from auth_function
    where id = #{id,jdbcType=VARCHAR}
  </select>
  <delete id="deleteByPrimaryKey" parameterType="java.lang.String">
    delete from auth_function
    where id = #{id,jdbcType=VARCHAR}
  </delete>
  <delete id="deleteByExample" parameterType="JW.pojo.AuthFunctionExample">
    delete from auth_function
    <if test="_parameter != null">
      <include refid="Example_Where_Clause" />
    </if>
  </delete>
  <insert id="insert" parameterType="JW.pojo.AuthFunction">
    insert into auth_function (id, name, code, 
      description, page, generatemenu, 
      zindex, pid)
    values (#{id,jdbcType=VARCHAR}, #{name,jdbcType=VARCHAR}, #{code,jdbcType=VARCHAR}, 
      #{description,jdbcType=VARCHAR}, #{page,jdbcType=VARCHAR}, #{generatemenu,jdbcType=VARCHAR}, 
      #{zindex,jdbcType=INTEGER}, #{pid,jdbcType=VARCHAR})
  </insert>
  <insert id="insertSelective" parameterType="JW.pojo.AuthFunction">
    insert into auth_function
    <trim prefix="(" suffix=")" suffixOverrides=",">
      <if test="id != null">
        id,
      </if>
      <if test="name != null">
        name,
      </if>
      <if test="code != null">
        code,
      </if>
      <if test="description != null">
        description,
      </if>
      <if test="page != null">
        page,
      </if>
      <if test="generatemenu != null">
        generatemenu,
      </if>
      <if test="zindex != null">
        zindex,
      </if>
      <if test="pid != null">
        pid,
      </if>
    </trim>
    <trim prefix="values (" suffix=")" suffixOverrides=",">
      <if test="id != null">
        #{id,jdbcType=VARCHAR},
      </if>
      <if test="name != null">
        #{name,jdbcType=VARCHAR},
      </if>
      <if test="code != null">
        #{code,jdbcType=VARCHAR},
      </if>
      <if test="description != null">
        #{description,jdbcType=VARCHAR},
      </if>
      <if test="page != null">
        #{page,jdbcType=VARCHAR},
      </if>
      <if test="generatemenu != null">
        #{generatemenu,jdbcType=VARCHAR},
      </if>
      <if test="zindex != null">
        #{zindex,jdbcType=INTEGER},
      </if>
      <if test="pid != null">
        #{pid,jdbcType=VARCHAR},
      </if>
    </trim>
  </insert>
  <select id="countByExample" parameterType="JW.pojo.AuthFunctionExample" resultType="java.lang.Integer">
    select count(*) from auth_function
    <if test="_parameter != null">
      <include refid="Example_Where_Clause" />
    </if>
  </select>
  <update id="updateByExampleSelective" parameterType="map">
    update auth_function
    <set>
      <if test="record.id != null">
        id = #{record.id,jdbcType=VARCHAR},
      </if>
      <if test="record.name != null">
        name = #{record.name,jdbcType=VARCHAR},
      </if>
      <if test="record.code != null">
        code = #{record.code,jdbcType=VARCHAR},
      </if>
      <if test="record.description != null">
        description = #{record.description,jdbcType=VARCHAR},
      </if>
      <if test="record.page != null">
        page = #{record.page,jdbcType=VARCHAR},
      </if>
      <if test="record.generatemenu != null">
        generatemenu = #{record.generatemenu,jdbcType=VARCHAR},
      </if>
      <if test="record.zindex != null">
        zindex = #{record.zindex,jdbcType=INTEGER},
      </if>
      <if test="record.pid != null">
        pid = #{record.pid,jdbcType=VARCHAR},
      </if>
    </set>
    <if test="_parameter != null">
      <include refid="Update_By_Example_Where_Clause" />
    </if>
  </update>
  <update id="updateByExample" parameterType="map">
    update auth_function
    set id = #{record.id,jdbcType=VARCHAR},
      name = #{record.name,jdbcType=VARCHAR},
      code = #{record.code,jdbcType=VARCHAR},
      description = #{record.description,jdbcType=VARCHAR},
      page = #{record.page,jdbcType=VARCHAR},
      generatemenu = #{record.generatemenu,jdbcType=VARCHAR},
      zindex = #{record.zindex,jdbcType=INTEGER},
      pid = #{record.pid,jdbcType=VARCHAR}
    <if test="_parameter != null">
      <include refid="Update_By_Example_Where_Clause" />
    </if>
  </update>
  <update id="updateByPrimaryKeySelective" parameterType="JW.pojo.AuthFunction">
    update auth_function
    <set>
      <if test="name != null">
        name = #{name,jdbcType=VARCHAR},
      </if>
      <if test="code != null">
        code = #{code,jdbcType=VARCHAR},
      </if>
      <if test="description != null">
        description = #{description,jdbcType=VARCHAR},
      </if>
      <if test="page != null">
        page = #{page,jdbcType=VARCHAR},
      </if>
      <if test="generatemenu != null">
        generatemenu = #{generatemenu,jdbcType=VARCHAR},
      </if>
      <if test="zindex != null">
        zindex = #{zindex,jdbcType=INTEGER},
      </if>
      <if test="pid != null">
        pid = #{pid,jdbcType=VARCHAR},
      </if>
    </set>
    where id = #{id,jdbcType=VARCHAR}
  </update>
  <update id="updateByPrimaryKey" parameterType="JW.pojo.AuthFunction">
    update auth_function
    set name = #{name,jdbcType=VARCHAR},
      code = #{code,jdbcType=VARCHAR},
      description = #{description,jdbcType=VARCHAR},
      page = #{page,jdbcType=VARCHAR},
      generatemenu = #{generatemenu,jdbcType=VARCHAR},
      zindex = #{zindex,jdbcType=INTEGER},
      pid = #{pid,jdbcType=VARCHAR}
    where id = #{id,jdbcType=VARCHAR}
  </update>
  <resultMap id="BaseResultMap" type="JW.pojo.AuthFunction">
    <id column="id" jdbcType="VARCHAR" property="id" />
    <result column="name" jdbcType="VARCHAR" property="name" />
    <result column="code" jdbcType="VARCHAR" property="code" />
    <result column="description" jdbcType="VARCHAR" property="description" />
    <result column="page" jdbcType="VARCHAR" property="page" />
    <result column="generatemenu" jdbcType="VARCHAR" property="generatemenu" />
    <result column="zindex" jdbcType="INTEGER" property="zindex" />
    <result column="pid" jdbcType="VARCHAR" property="pid" />
  </resultMap>
  <sql id="Example_Where_Clause">
    <where>
      <foreach collection="oredCriteria" item="criteria" separator="or">
        <if test="criteria.valid">
          <trim prefix="(" prefixOverrides="and" suffix=")">
            <foreach collection="criteria.criteria" item="criterion">
              <choose>
                <when test="criterion.noValue">
                  and ${criterion.condition}
                </when>
                <when test="criterion.singleValue">
                  and ${criterion.condition} #{criterion.value}
                </when>
                <when test="criterion.betweenValue">
                  and ${criterion.condition} #{criterion.value} and #{criterion.secondValue}
                </when>
                <when test="criterion.listValue">
                  and ${criterion.condition}
                  <foreach close=")" collection="criterion.value" item="listItem" open="(" separator=",">
                    #{listItem}
                  </foreach>
                </when>
              </choose>
            </foreach>
          </trim>
        </if>
      </foreach>
    </where>
  </sql>
  <sql id="Update_By_Example_Where_Clause">
    <where>
      <foreach collection="example.oredCriteria" item="criteria" separator="or">
        <if test="criteria.valid">
          <trim prefix="(" prefixOverrides="and" suffix=")">
            <foreach collection="criteria.criteria" item="criterion">
              <choose>
                <when test="criterion.noValue">
                  and ${criterion.condition}
                </when>
                <when test="criterion.singleValue">
                  and ${criterion.condition} #{criterion.value}
                </when>
                <when test="criterion.betweenValue">
                  and ${criterion.condition} #{criterion.value} and #{criterion.secondValue}
                </when>
                <when test="criterion.listValue">
                  and ${criterion.condition}
                  <foreach close=")" collection="criterion.value" item="listItem" open="(" separator=",">
                    #{listItem}
                  </foreach>
                </when>
              </choose>
            </foreach>
          </trim>
        </if>
      </foreach>
    </where>
  </sql>
  <sql id="Base_Column_List">
    id, name, code, description, page, generatemenu, zindex, pid
  </sql>
  <select id="selectByExample" parameterType="JW.pojo.AuthFunctionExample" resultMap="BaseResultMap">
    select
    <if test="distinct">
      distinct
    </if>
    <include refid="Base_Column_List" />
    from auth_function
    <if test="_parameter != null">
      <include refid="Example_Where_Clause" />
    </if>
    <if test="orderByClause != null">
      order by ${orderByClause}
    </if>
  </select>
  <select id="selectByPrimaryKey" parameterType="java.lang.String" resultMap="BaseResultMap">
    select 
    <include refid="Base_Column_List" />
    from auth_function
    where id = #{id,jdbcType=VARCHAR}
  </select>
  <delete id="deleteByPrimaryKey" parameterType="java.lang.String">
    delete from auth_function
    where id = #{id,jdbcType=VARCHAR}
  </delete>
  <delete id="deleteByExample" parameterType="JW.pojo.AuthFunctionExample">
    delete from auth_function
    <if test="_parameter != null">
      <include refid="Example_Where_Clause" />
    </if>
  </delete>
  <insert id="insert" parameterType="JW.pojo.AuthFunction">
    insert into auth_function (id, name, code, 
      description, page, generatemenu, 
      zindex, pid)
    values (#{id,jdbcType=VARCHAR}, #{name,jdbcType=VARCHAR}, #{code,jdbcType=VARCHAR}, 
      #{description,jdbcType=VARCHAR}, #{page,jdbcType=VARCHAR}, #{generatemenu,jdbcType=VARCHAR}, 
      #{zindex,jdbcType=INTEGER}, #{pid,jdbcType=VARCHAR})
  </insert>
  <insert id="insertSelective" parameterType="JW.pojo.AuthFunction">
    insert into auth_function
    <trim prefix="(" suffix=")" suffixOverrides=",">
      <if test="id != null">
        id,
      </if>
      <if test="name != null">
        name,
      </if>
      <if test="code != null">
        code,
      </if>
      <if test="description != null">
        description,
      </if>
      <if test="page != null">
        page,
      </if>
      <if test="generatemenu != null">
        generatemenu,
      </if>
      <if test="zindex != null">
        zindex,
      </if>
      <if test="pid != null">
        pid,
      </if>
    </trim>
    <trim prefix="values (" suffix=")" suffixOverrides=",">
      <if test="id != null">
        #{id,jdbcType=VARCHAR},
      </if>
      <if test="name != null">
        #{name,jdbcType=VARCHAR},
      </if>
      <if test="code != null">
        #{code,jdbcType=VARCHAR},
      </if>
      <if test="description != null">
        #{description,jdbcType=VARCHAR},
      </if>
      <if test="page != null">
        #{page,jdbcType=VARCHAR},
      </if>
      <if test="generatemenu != null">
        #{generatemenu,jdbcType=VARCHAR},
      </if>
      <if test="zindex != null">
        #{zindex,jdbcType=INTEGER},
      </if>
      <if test="pid != null">
        #{pid,jdbcType=VARCHAR},
      </if>
    </trim>
  </insert>
  <select id="countByExample" parameterType="JW.pojo.AuthFunctionExample" resultType="java.lang.Integer">
    select count(*) from auth_function
    <if test="_parameter != null">
      <include refid="Example_Where_Clause" />
    </if>
  </select>
  <update id="updateByExampleSelective" parameterType="map">
    update auth_function
    <set>
      <if test="record.id != null">
        id = #{record.id,jdbcType=VARCHAR},
      </if>
      <if test="record.name != null">
        name = #{record.name,jdbcType=VARCHAR},
      </if>
      <if test="record.code != null">
        code = #{record.code,jdbcType=VARCHAR},
      </if>
      <if test="record.description != null">
        description = #{record.description,jdbcType=VARCHAR},
      </if>
      <if test="record.page != null">
        page = #{record.page,jdbcType=VARCHAR},
      </if>
      <if test="record.generatemenu != null">
        generatemenu = #{record.generatemenu,jdbcType=VARCHAR},
      </if>
      <if test="record.zindex != null">
        zindex = #{record.zindex,jdbcType=INTEGER},
      </if>
      <if test="record.pid != null">
        pid = #{record.pid,jdbcType=VARCHAR},
      </if>
    </set>
    <if test="_parameter != null">
      <include refid="Update_By_Example_Where_Clause" />
    </if>
  </update>
  <update id="updateByExample" parameterType="map">
    update auth_function
    set id = #{record.id,jdbcType=VARCHAR},
      name = #{record.name,jdbcType=VARCHAR},
      code = #{record.code,jdbcType=VARCHAR},
      description = #{record.description,jdbcType=VARCHAR},
      page = #{record.page,jdbcType=VARCHAR},
      generatemenu = #{record.generatemenu,jdbcType=VARCHAR},
      zindex = #{record.zindex,jdbcType=INTEGER},
      pid = #{record.pid,jdbcType=VARCHAR}
    <if test="_parameter != null">
      <include refid="Update_By_Example_Where_Clause" />
    </if>
  </update>
  <update id="updateByPrimaryKeySelective" parameterType="JW.pojo.AuthFunction">
    update auth_function
    <set>
      <if test="name != null">
        name = #{name,jdbcType=VARCHAR},
      </if>
      <if test="code != null">
        code = #{code,jdbcType=VARCHAR},
      </if>
      <if test="description != null">
        description = #{description,jdbcType=VARCHAR},
      </if>
      <if test="page != null">
        page = #{page,jdbcType=VARCHAR},
      </if>
      <if test="generatemenu != null">
        generatemenu = #{generatemenu,jdbcType=VARCHAR},
      </if>
      <if test="zindex != null">
        zindex = #{zindex,jdbcType=INTEGER},
      </if>
      <if test="pid != null">
        pid = #{pid,jdbcType=VARCHAR},
      </if>
    </set>
    where id = #{id,jdbcType=VARCHAR}
  </update>
  <update id="updateByPrimaryKey" parameterType="JW.pojo.AuthFunction">
    update auth_function
    set name = #{name,jdbcType=VARCHAR},
      code = #{code,jdbcType=VARCHAR},
      description = #{description,jdbcType=VARCHAR},
      page = #{page,jdbcType=VARCHAR},
      generatemenu = #{generatemenu,jdbcType=VARCHAR},
      zindex = #{zindex,jdbcType=INTEGER},
      pid = #{pid,jdbcType=VARCHAR}
    where id = #{id,jdbcType=VARCHAR}
  </update>
  <resultMap id="BaseResultMap" type="JW.pojo.AuthFunction">
    <id column="id" jdbcType="VARCHAR" property="id" />
    <result column="name" jdbcType="VARCHAR" property="name" />
    <result column="code" jdbcType="VARCHAR" property="code" />
    <result column="description" jdbcType="VARCHAR" property="description" />
    <result column="page" jdbcType="VARCHAR" property="page" />
    <result column="generatemenu" jdbcType="VARCHAR" property="generatemenu" />
    <result column="zindex" jdbcType="INTEGER" property="zindex" />
    <result column="pid" jdbcType="VARCHAR" property="pid" />
  </resultMap>
  <sql id="Example_Where_Clause">
    <where>
      <foreach collection="oredCriteria" item="criteria" separator="or">
        <if test="criteria.valid">
          <trim prefix="(" prefixOverrides="and" suffix=")">
            <foreach collection="criteria.criteria" item="criterion">
              <choose>
                <when test="criterion.noValue">
                  and ${criterion.condition}
                </when>
                <when test="criterion.singleValue">
                  and ${criterion.condition} #{criterion.value}
                </when>
                <when test="criterion.betweenValue">
                  and ${criterion.condition} #{criterion.value} and #{criterion.secondValue}
                </when>
                <when test="criterion.listValue">
                  and ${criterion.condition}
                  <foreach close=")" collection="criterion.value" item="listItem" open="(" separator=",">
                    #{listItem}
                  </foreach>
                </when>
              </choose>
            </foreach>
          </trim>
        </if>
      </foreach>
    </where>
  </sql>
  <sql id="Update_By_Example_Where_Clause">
    <where>
      <foreach collection="example.oredCriteria" item="criteria" separator="or">
        <if test="criteria.valid">
          <trim prefix="(" prefixOverrides="and" suffix=")">
            <foreach collection="criteria.criteria" item="criterion">
              <choose>
                <when test="criterion.noValue">
                  and ${criterion.condition}
                </when>
                <when test="criterion.singleValue">
                  and ${criterion.condition} #{criterion.value}
                </when>
                <when test="criterion.betweenValue">
                  and ${criterion.condition} #{criterion.value} and #{criterion.secondValue}
                </when>
                <when test="criterion.listValue">
                  and ${criterion.condition}
                  <foreach close=")" collection="criterion.value" item="listItem" open="(" separator=",">
                    #{listItem}
                  </foreach>
                </when>
              </choose>
            </foreach>
          </trim>
        </if>
      </foreach>
    </where>
  </sql>
  <sql id="Base_Column_List">
    id, name, code, description, page, generatemenu, zindex, pid
  </sql>
  <select id="selectByExample" parameterType="JW.pojo.AuthFunctionExample" resultMap="BaseResultMap">
    select
    <if test="distinct">
      distinct
    </if>
    <include refid="Base_Column_List" />
    from auth_function
    <if test="_parameter != null">
      <include refid="Example_Where_Clause" />
    </if>
    <if test="orderByClause != null">
      order by ${orderByClause}
    </if>
  </select>
  <select id="selectByPrimaryKey" parameterType="java.lang.String" resultMap="BaseResultMap">
    select 
    <include refid="Base_Column_List" />
    from auth_function
    where id = #{id,jdbcType=VARCHAR}
  </select>
  <delete id="deleteByPrimaryKey" parameterType="java.lang.String">
    delete from auth_function
    where id = #{id,jdbcType=VARCHAR}
  </delete>
  <delete id="deleteByExample" parameterType="JW.pojo.AuthFunctionExample">
    delete from auth_function
    <if test="_parameter != null">
      <include refid="Example_Where_Clause" />
    </if>
  </delete>
  <insert id="insert" parameterType="JW.pojo.AuthFunction">
    insert into auth_function (id, name, code, 
      description, page, generatemenu, 
      zindex, pid)
    values (#{id,jdbcType=VARCHAR}, #{name,jdbcType=VARCHAR}, #{code,jdbcType=VARCHAR}, 
      #{description,jdbcType=VARCHAR}, #{page,jdbcType=VARCHAR}, #{generatemenu,jdbcType=VARCHAR}, 
      #{zindex,jdbcType=INTEGER}, #{pid,jdbcType=VARCHAR})
  </insert>
  <insert id="insertSelective" parameterType="JW.pojo.AuthFunction">
    insert into auth_function
    <trim prefix="(" suffix=")" suffixOverrides=",">
      <if test="id != null">
        id,
      </if>
      <if test="name != null">
        name,
      </if>
      <if test="code != null">
        code,
      </if>
      <if test="description != null">
        description,
      </if>
      <if test="page != null">
        page,
      </if>
      <if test="generatemenu != null">
        generatemenu,
      </if>
      <if test="zindex != null">
        zindex,
      </if>
      <if test="pid != null">
        pid,
      </if>
    </trim>
    <trim prefix="values (" suffix=")" suffixOverrides=",">
      <if test="id != null">
        #{id,jdbcType=VARCHAR},
      </if>
      <if test="name != null">
        #{name,jdbcType=VARCHAR},
      </if>
      <if test="code != null">
        #{code,jdbcType=VARCHAR},
      </if>
      <if test="description != null">
        #{description,jdbcType=VARCHAR},
      </if>
      <if test="page != null">
        #{page,jdbcType=VARCHAR},
      </if>
      <if test="generatemenu != null">
        #{generatemenu,jdbcType=VARCHAR},
      </if>
      <if test="zindex != null">
        #{zindex,jdbcType=INTEGER},
      </if>
      <if test="pid != null">
        #{pid,jdbcType=VARCHAR},
      </if>
    </trim>
  </insert>
  <select id="countByExample" parameterType="JW.pojo.AuthFunctionExample" resultType="java.lang.Integer">
    select count(*) from auth_function
    <if test="_parameter != null">
      <include refid="Example_Where_Clause" />
    </if>
  </select>
  <update id="updateByExampleSelective" parameterType="map">
    update auth_function
    <set>
      <if test="record.id != null">
        id = #{record.id,jdbcType=VARCHAR},
      </if>
      <if test="record.name != null">
        name = #{record.name,jdbcType=VARCHAR},
      </if>
      <if test="record.code != null">
        code = #{record.code,jdbcType=VARCHAR},
      </if>
      <if test="record.description != null">
        description = #{record.description,jdbcType=VARCHAR},
      </if>
      <if test="record.page != null">
        page = #{record.page,jdbcType=VARCHAR},
      </if>
      <if test="record.generatemenu != null">
        generatemenu = #{record.generatemenu,jdbcType=VARCHAR},
      </if>
      <if test="record.zindex != null">
        zindex = #{record.zindex,jdbcType=INTEGER},
      </if>
      <if test="record.pid != null">
        pid = #{record.pid,jdbcType=VARCHAR},
      </if>
    </set>
    <if test="_parameter != null">
      <include refid="Update_By_Example_Where_Clause" />
    </if>
  </update>
  <update id="updateByExample" parameterType="map">
    update auth_function
    set id = #{record.id,jdbcType=VARCHAR},
      name = #{record.name,jdbcType=VARCHAR},
      code = #{record.code,jdbcType=VARCHAR},
      description = #{record.description,jdbcType=VARCHAR},
      page = #{record.page,jdbcType=VARCHAR},
      generatemenu = #{record.generatemenu,jdbcType=VARCHAR},
      zindex = #{record.zindex,jdbcType=INTEGER},
      pid = #{record.pid,jdbcType=VARCHAR}
    <if test="_parameter != null">
      <include refid="Update_By_Example_Where_Clause" />
    </if>
  </update>
  <update id="updateByPrimaryKeySelective" parameterType="JW.pojo.AuthFunction">
    update auth_function
    <set>
      <if test="name != null">
        name = #{name,jdbcType=VARCHAR},
      </if>
      <if test="code != null">
        code = #{code,jdbcType=VARCHAR},
      </if>
      <if test="description != null">
        description = #{description,jdbcType=VARCHAR},
      </if>
      <if test="page != null">
        page = #{page,jdbcType=VARCHAR},
      </if>
      <if test="generatemenu != null">
        generatemenu = #{generatemenu,jdbcType=VARCHAR},
      </if>
      <if test="zindex != null">
        zindex = #{zindex,jdbcType=INTEGER},
      </if>
      <if test="pid != null">
        pid = #{pid,jdbcType=VARCHAR},
      </if>
    </set>
    where id = #{id,jdbcType=VARCHAR}
  </update>
  <update id="updateByPrimaryKey" parameterType="JW.pojo.AuthFunction">
    update auth_function
    set name = #{name,jdbcType=VARCHAR},
      code = #{code,jdbcType=VARCHAR},
      description = #{description,jdbcType=VARCHAR},
      page = #{page,jdbcType=VARCHAR},
      generatemenu = #{generatemenu,jdbcType=VARCHAR},
      zindex = #{zindex,jdbcType=INTEGER},
      pid = #{pid,jdbcType=VARCHAR}
    where id = #{id,jdbcType=VARCHAR}
  </update>
  <resultMap id="BaseResultMap" type="JW.pojo.AuthFunction">
    <id column="id" jdbcType="VARCHAR" property="id" />
    <result column="name" jdbcType="VARCHAR" property="name" />
    <result column="code" jdbcType="VARCHAR" property="code" />
    <result column="description" jdbcType="VARCHAR" property="description" />
    <result column="page" jdbcType="VARCHAR" property="page" />
    <result column="generatemenu" jdbcType="VARCHAR" property="generatemenu" />
    <result column="zindex" jdbcType="INTEGER" property="zindex" />
    <result column="pid" jdbcType="VARCHAR" property="pid" />
  </resultMap>
  <sql id="Example_Where_Clause">
    <where>
      <foreach collection="oredCriteria" item="criteria" separator="or">
        <if test="criteria.valid">
          <trim prefix="(" prefixOverrides="and" suffix=")">
            <foreach collection="criteria.criteria" item="criterion">
              <choose>
                <when test="criterion.noValue">
                  and ${criterion.condition}
                </when>
                <when test="criterion.singleValue">
                  and ${criterion.condition} #{criterion.value}
                </when>
                <when test="criterion.betweenValue">
                  and ${criterion.condition} #{criterion.value} and #{criterion.secondValue}
                </when>
                <when test="criterion.listValue">
                  and ${criterion.condition}
                  <foreach close=")" collection="criterion.value" item="listItem" open="(" separator=",">
                    #{listItem}
                  </foreach>
                </when>
              </choose>
            </foreach>
          </trim>
        </if>
      </foreach>
    </where>
  </sql>
  <sql id="Update_By_Example_Where_Clause">
    <where>
      <foreach collection="example.oredCriteria" item="criteria" separator="or">
        <if test="criteria.valid">
          <trim prefix="(" prefixOverrides="and" suffix=")">
            <foreach collection="criteria.criteria" item="criterion">
              <choose>
                <when test="criterion.noValue">
                  and ${criterion.condition}
                </when>
                <when test="criterion.singleValue">
                  and ${criterion.condition} #{criterion.value}
                </when>
                <when test="criterion.betweenValue">
                  and ${criterion.condition} #{criterion.value} and #{criterion.secondValue}
                </when>
                <when test="criterion.listValue">
                  and ${criterion.condition}
                  <foreach close=")" collection="criterion.value" item="listItem" open="(" separator=",">
                    #{listItem}
                  </foreach>
                </when>
              </choose>
            </foreach>
          </trim>
        </if>
      </foreach>
    </where>
  </sql>
  <sql id="Base_Column_List">
    id, name, code, description, page, generatemenu, zindex, pid
  </sql>
  <select id="selectByExample" parameterType="JW.pojo.AuthFunctionExample" resultMap="BaseResultMap">
    select
    <if test="distinct">
      distinct
    </if>
    <include refid="Base_Column_List" />
    from auth_function
    <if test="_parameter != null">
      <include refid="Example_Where_Clause" />
    </if>
    <if test="orderByClause != null">
      order by ${orderByClause}
    </if>
  </select>
  <select id="selectByPrimaryKey" parameterType="java.lang.String" resultMap="BaseResultMap">
    select 
    <include refid="Base_Column_List" />
    from auth_function
    where id = #{id,jdbcType=VARCHAR}
  </select>
  <delete id="deleteByPrimaryKey" parameterType="java.lang.String">
    delete from auth_function
    where id = #{id,jdbcType=VARCHAR}
  </delete>
  <delete id="deleteByExample" parameterType="JW.pojo.AuthFunctionExample">
    delete from auth_function
    <if test="_parameter != null">
      <include refid="Example_Where_Clause" />
    </if>
  </delete>
  <insert id="insert" parameterType="JW.pojo.AuthFunction">
    insert into auth_function (id, name, code, 
      description, page, generatemenu, 
      zindex, pid)
    values (#{id,jdbcType=VARCHAR}, #{name,jdbcType=VARCHAR}, #{code,jdbcType=VARCHAR}, 
      #{description,jdbcType=VARCHAR}, #{page,jdbcType=VARCHAR}, #{generatemenu,jdbcType=VARCHAR}, 
      #{zindex,jdbcType=INTEGER}, #{pid,jdbcType=VARCHAR})
  </insert>
  <insert id="insertSelective" parameterType="JW.pojo.AuthFunction">
    insert into auth_function
    <trim prefix="(" suffix=")" suffixOverrides=",">
      <if test="id != null">
        id,
      </if>
      <if test="name != null">
        name,
      </if>
      <if test="code != null">
        code,
      </if>
      <if test="description != null">
        description,
      </if>
      <if test="page != null">
        page,
      </if>
      <if test="generatemenu != null">
        generatemenu,
      </if>
      <if test="zindex != null">
        zindex,
      </if>
      <if test="pid != null">
        pid,
      </if>
    </trim>
    <trim prefix="values (" suffix=")" suffixOverrides=",">
      <if test="id != null">
        #{id,jdbcType=VARCHAR},
      </if>
      <if test="name != null">
        #{name,jdbcType=VARCHAR},
      </if>
      <if test="code != null">
        #{code,jdbcType=VARCHAR},
      </if>
      <if test="description != null">
        #{description,jdbcType=VARCHAR},
      </if>
      <if test="page != null">
        #{page,jdbcType=VARCHAR},
      </if>
      <if test="generatemenu != null">
        #{generatemenu,jdbcType=VARCHAR},
      </if>
      <if test="zindex != null">
        #{zindex,jdbcType=INTEGER},
      </if>
      <if test="pid != null">
        #{pid,jdbcType=VARCHAR},
      </if>
    </trim>
  </insert>
  <select id="countByExample" parameterType="JW.pojo.AuthFunctionExample" resultType="java.lang.Integer">
    select count(*) from auth_function
    <if test="_parameter != null">
      <include refid="Example_Where_Clause" />
    </if>
  </select>
  <update id="updateByExampleSelective" parameterType="map">
    update auth_function
    <set>
      <if test="record.id != null">
        id = #{record.id,jdbcType=VARCHAR},
      </if>
      <if test="record.name != null">
        name = #{record.name,jdbcType=VARCHAR},
      </if>
      <if test="record.code != null">
        code = #{record.code,jdbcType=VARCHAR},
      </if>
      <if test="record.description != null">
        description = #{record.description,jdbcType=VARCHAR},
      </if>
      <if test="record.page != null">
        page = #{record.page,jdbcType=VARCHAR},
      </if>
      <if test="record.generatemenu != null">
        generatemenu = #{record.generatemenu,jdbcType=VARCHAR},
      </if>
      <if test="record.zindex != null">
        zindex = #{record.zindex,jdbcType=INTEGER},
      </if>
      <if test="record.pid != null">
        pid = #{record.pid,jdbcType=VARCHAR},
      </if>
    </set>
    <if test="_parameter != null">
      <include refid="Update_By_Example_Where_Clause" />
    </if>
  </update>
  <update id="updateByExample" parameterType="map">
    update auth_function
    set id = #{record.id,jdbcType=VARCHAR},
      name = #{record.name,jdbcType=VARCHAR},
      code = #{record.code,jdbcType=VARCHAR},
      description = #{record.description,jdbcType=VARCHAR},
      page = #{record.page,jdbcType=VARCHAR},
      generatemenu = #{record.generatemenu,jdbcType=VARCHAR},
      zindex = #{record.zindex,jdbcType=INTEGER},
      pid = #{record.pid,jdbcType=VARCHAR}
    <if test="_parameter != null">
      <include refid="Update_By_Example_Where_Clause" />
    </if>
  </update>
  <update id="updateByPrimaryKeySelective" parameterType="JW.pojo.AuthFunction">
    update auth_function
    <set>
      <if test="name != null">
        name = #{name,jdbcType=VARCHAR},
      </if>
      <if test="code != null">
        code = #{code,jdbcType=VARCHAR},
      </if>
      <if test="description != null">
        description = #{description,jdbcType=VARCHAR},
      </if>
      <if test="page != null">
        page = #{page,jdbcType=VARCHAR},
      </if>
      <if test="generatemenu != null">
        generatemenu = #{generatemenu,jdbcType=VARCHAR},
      </if>
      <if test="zindex != null">
        zindex = #{zindex,jdbcType=INTEGER},
      </if>
      <if test="pid != null">
        pid = #{pid,jdbcType=VARCHAR},
      </if>
    </set>
    where id = #{id,jdbcType=VARCHAR}
  </update>
  <update id="updateByPrimaryKey" parameterType="JW.pojo.AuthFunction">
    update auth_function
    set name = #{name,jdbcType=VARCHAR},
      code = #{code,jdbcType=VARCHAR},
      description = #{description,jdbcType=VARCHAR},
      page = #{page,jdbcType=VARCHAR},
      generatemenu = #{generatemenu,jdbcType=VARCHAR},
      zindex = #{zindex,jdbcType=INTEGER},
      pid = #{pid,jdbcType=VARCHAR}
    where id = #{id,jdbcType=VARCHAR}
  </update>
  <resultMap id="BaseResultMap" type="JW.pojo.AuthFunction">
    <id column="id" jdbcType="VARCHAR" property="id" />
    <result column="name" jdbcType="VARCHAR" property="name" />
    <result column="code" jdbcType="VARCHAR" property="code" />
    <result column="description" jdbcType="VARCHAR" property="description" />
    <result column="page" jdbcType="VARCHAR" property="page" />
    <result column="generatemenu" jdbcType="VARCHAR" property="generatemenu" />
    <result column="zindex" jdbcType="INTEGER" property="zindex" />
    <result column="pid" jdbcType="VARCHAR" property="pid" />
  </resultMap>
  <sql id="Example_Where_Clause">
    <where>
      <foreach collection="oredCriteria" item="criteria" separator="or">
        <if test="criteria.valid">
          <trim prefix="(" prefixOverrides="and" suffix=")">
            <foreach collection="criteria.criteria" item="criterion">
              <choose>
                <when test="criterion.noValue">
                  and ${criterion.condition}
                </when>
                <when test="criterion.singleValue">
                  and ${criterion.condition} #{criterion.value}
                </when>
                <when test="criterion.betweenValue">
                  and ${criterion.condition} #{criterion.value} and #{criterion.secondValue}
                </when>
                <when test="criterion.listValue">
                  and ${criterion.condition}
                  <foreach close=")" collection="criterion.value" item="listItem" open="(" separator=",">
                    #{listItem}
                  </foreach>
                </when>
              </choose>
            </foreach>
          </trim>
        </if>
      </foreach>
    </where>
  </sql>
  <sql id="Update_By_Example_Where_Clause">
    <where>
      <foreach collection="example.oredCriteria" item="criteria" separator="or">
        <if test="criteria.valid">
          <trim prefix="(" prefixOverrides="and" suffix=")">
            <foreach collection="criteria.criteria" item="criterion">
              <choose>
                <when test="criterion.noValue">
                  and ${criterion.condition}
                </when>
                <when test="criterion.singleValue">
                  and ${criterion.condition} #{criterion.value}
                </when>
                <when test="criterion.betweenValue">
                  and ${criterion.condition} #{criterion.value} and #{criterion.secondValue}
                </when>
                <when test="criterion.listValue">
                  and ${criterion.condition}
                  <foreach close=")" collection="criterion.value" item="listItem" open="(" separator=",">
                    #{listItem}
                  </foreach>
                </when>
              </choose>
            </foreach>
          </trim>
        </if>
      </foreach>
    </where>
  </sql>
  <sql id="Base_Column_List">
    id, name, code, description, page, generatemenu, zindex, pid
  </sql>
  <select id="selectByExample" parameterType="JW.pojo.AuthFunctionExample" resultMap="BaseResultMap">
    select
    <if test="distinct">
      distinct
    </if>
    <include refid="Base_Column_List" />
    from auth_function
    <if test="_parameter != null">
      <include refid="Example_Where_Clause" />
    </if>
    <if test="orderByClause != null">
      order by ${orderByClause}
    </if>
  </select>
  <select id="selectByPrimaryKey" parameterType="java.lang.String" resultMap="BaseResultMap">
    select 
    <include refid="Base_Column_List" />
    from auth_function
    where id = #{id,jdbcType=VARCHAR}
  </select>
  <delete id="deleteByPrimaryKey" parameterType="java.lang.String">
    delete from auth_function
    where id = #{id,jdbcType=VARCHAR}
  </delete>
  <delete id="deleteByExample" parameterType="JW.pojo.AuthFunctionExample">
    delete from auth_function
    <if test="_parameter != null">
      <include refid="Example_Where_Clause" />
    </if>
  </delete>
  <insert id="insert" parameterType="JW.pojo.AuthFunction">
    insert into auth_function (id, name, code, 
      description, page, generatemenu, 
      zindex, pid)
    values (#{id,jdbcType=VARCHAR}, #{name,jdbcType=VARCHAR}, #{code,jdbcType=VARCHAR}, 
      #{description,jdbcType=VARCHAR}, #{page,jdbcType=VARCHAR}, #{generatemenu,jdbcType=VARCHAR}, 
      #{zindex,jdbcType=INTEGER}, #{pid,jdbcType=VARCHAR})
  </insert>
  <insert id="insertSelective" parameterType="JW.pojo.AuthFunction">
    insert into auth_function
    <trim prefix="(" suffix=")" suffixOverrides=",">
      <if test="id != null">
        id,
      </if>
      <if test="name != null">
        name,
      </if>
      <if test="code != null">
        code,
      </if>
      <if test="description != null">
        description,
      </if>
      <if test="page != null">
        page,
      </if>
      <if test="generatemenu != null">
        generatemenu,
      </if>
      <if test="zindex != null">
        zindex,
      </if>
      <if test="pid != null">
        pid,
      </if>
    </trim>
    <trim prefix="values (" suffix=")" suffixOverrides=",">
      <if test="id != null">
        #{id,jdbcType=VARCHAR},
      </if>
      <if test="name != null">
        #{name,jdbcType=VARCHAR},
      </if>
      <if test="code != null">
        #{code,jdbcType=VARCHAR},
      </if>
      <if test="description != null">
        #{description,jdbcType=VARCHAR},
      </if>
      <if test="page != null">
        #{page,jdbcType=VARCHAR},
      </if>
      <if test="generatemenu != null">
        #{generatemenu,jdbcType=VARCHAR},
      </if>
      <if test="zindex != null">
        #{zindex,jdbcType=INTEGER},
      </if>
      <if test="pid != null">
        #{pid,jdbcType=VARCHAR},
      </if>
    </trim>
  </insert>
  <select id="countByExample" parameterType="JW.pojo.AuthFunctionExample" resultType="java.lang.Integer">
    select count(*) from auth_function
    <if test="_parameter != null">
      <include refid="Example_Where_Clause" />
    </if>
  </select>
  <update id="updateByExampleSelective" parameterType="map">
    update auth_function
    <set>
      <if test="record.id != null">
        id = #{record.id,jdbcType=VARCHAR},
      </if>
      <if test="record.name != null">
        name = #{record.name,jdbcType=VARCHAR},
      </if>
      <if test="record.code != null">
        code = #{record.code,jdbcType=VARCHAR},
      </if>
      <if test="record.description != null">
        description = #{record.description,jdbcType=VARCHAR},
      </if>
      <if test="record.page != null">
        page = #{record.page,jdbcType=VARCHAR},
      </if>
      <if test="record.generatemenu != null">
        generatemenu = #{record.generatemenu,jdbcType=VARCHAR},
      </if>
      <if test="record.zindex != null">
        zindex = #{record.zindex,jdbcType=INTEGER},
      </if>
      <if test="record.pid != null">
        pid = #{record.pid,jdbcType=VARCHAR},
      </if>
    </set>
    <if test="_parameter != null">
      <include refid="Update_By_Example_Where_Clause" />
    </if>
  </update>
  <update id="updateByExample" parameterType="map">
    update auth_function
    set id = #{record.id,jdbcType=VARCHAR},
      name = #{record.name,jdbcType=VARCHAR},
      code = #{record.code,jdbcType=VARCHAR},
      description = #{record.description,jdbcType=VARCHAR},
      page = #{record.page,jdbcType=VARCHAR},
      generatemenu = #{record.generatemenu,jdbcType=VARCHAR},
      zindex = #{record.zindex,jdbcType=INTEGER},
      pid = #{record.pid,jdbcType=VARCHAR}
    <if test="_parameter != null">
      <include refid="Update_By_Example_Where_Clause" />
    </if>
  </update>
  <update id="updateByPrimaryKeySelective" parameterType="JW.pojo.AuthFunction">
    update auth_function
    <set>
      <if test="name != null">
        name = #{name,jdbcType=VARCHAR},
      </if>
      <if test="code != null">
        code = #{code,jdbcType=VARCHAR},
      </if>
      <if test="description != null">
        description = #{description,jdbcType=VARCHAR},
      </if>
      <if test="page != null">
        page = #{page,jdbcType=VARCHAR},
      </if>
      <if test="generatemenu != null">
        generatemenu = #{generatemenu,jdbcType=VARCHAR},
      </if>
      <if test="zindex != null">
        zindex = #{zindex,jdbcType=INTEGER},
      </if>
      <if test="pid != null">
        pid = #{pid,jdbcType=VARCHAR},
      </if>
    </set>
    where id = #{id,jdbcType=VARCHAR}
  </update>
  <update id="updateByPrimaryKey" parameterType="JW.pojo.AuthFunction">
    update auth_function
    set name = #{name,jdbcType=VARCHAR},
      code = #{code,jdbcType=VARCHAR},
      description = #{description,jdbcType=VARCHAR},
      page = #{page,jdbcType=VARCHAR},
      generatemenu = #{generatemenu,jdbcType=VARCHAR},
      zindex = #{zindex,jdbcType=INTEGER},
      pid = #{pid,jdbcType=VARCHAR}
    where id = #{id,jdbcType=VARCHAR}
  </update>
</mapper>