<?xml version="1.0" encoding="UTF-8"?>
<!DOCTYPE mapper PUBLIC "-//mybatis.org//DTD Mapper 3.0//EN" "http://mybatis.org/dtd/mybatis-3-mapper.dtd">
<mapper namespace="JW.mapper.RoleFunctionMapper">
  <resultMap id="BaseResultMap" type="JW.pojo.RoleFunctionKey">
    <id column="role_id" jdbcType="VARCHAR" property="roleId" />
    <id column="function_id" jdbcType="VARCHAR" property="functionId" />
  </resultMap>
  <sql id="Example_Where_Clause">
    <where>
      <foreach collection="oredCriteria" item="criteria" separator="or">
        <if test="criteria.valid">
          <trim prefix="(" prefixOverrides="and" suffix=")">
            <foreach collection="criteria.criteria" item="criterion">
              <choose>
                <when test="criterion.noValue">
                  and ${criterion.condition}
                </when>
                <when test="criterion.singleValue">
                  and ${criterion.condition} #{criterion.value}
                </when>
                <when test="criterion.betweenValue">
                  and ${criterion.condition} #{criterion.value} and #{criterion.secondValue}
                </when>
                <when test="criterion.listValue">
                  and ${criterion.condition}
                  <foreach close=")" collection="criterion.value" item="listItem" open="(" separator=",">
                    #{listItem}
                  </foreach>
                </when>
              </choose>
            </foreach>
          </trim>
        </if>
      </foreach>
    </where>
  </sql>
  <sql id="Update_By_Example_Where_Clause">
    <where>
      <foreach collection="example.oredCriteria" item="criteria" separator="or">
        <if test="criteria.valid">
          <trim prefix="(" prefixOverrides="and" suffix=")">
            <foreach collection="criteria.criteria" item="criterion">
              <choose>
                <when test="criterion.noValue">
                  and ${criterion.condition}
                </when>
                <when test="criterion.singleValue">
                  and ${criterion.condition} #{criterion.value}
                </when>
                <when test="criterion.betweenValue">
                  and ${criterion.condition} #{criterion.value} and #{criterion.secondValue}
                </when>
                <when test="criterion.listValue">
                  and ${criterion.condition}
                  <foreach close=")" collection="criterion.value" item="listItem" open="(" separator=",">
                    #{listItem}
                  </foreach>
                </when>
              </choose>
            </foreach>
          </trim>
        </if>
      </foreach>
    </where>
  </sql>
  <sql id="Base_Column_List">
    role_id, function_id
  </sql>
  <select id="selectByExample" parameterType="JW.pojo.RoleFunctionExample" resultMap="BaseResultMap">
    select
    <if test="distinct">
      distinct
    </if>
    <include refid="Base_Column_List" />
    from role_function
    <if test="_parameter != null">
      <include refid="Example_Where_Clause" />
    </if>
    <if test="orderByClause != null">
      order by ${orderByClause}
    </if>
  </select>
  <delete id="deleteByPrimaryKey" parameterType="JW.pojo.RoleFunctionKey">
    delete from role_function
    where role_id = #{roleId,jdbcType=VARCHAR}
      and function_id = #{functionId,jdbcType=VARCHAR}
  </delete>
  <delete id="deleteByExample" parameterType="JW.pojo.RoleFunctionExample">
    delete from role_function
    <if test="_parameter != null">
      <include refid="Example_Where_Clause" />
    </if>
  </delete>
  <insert id="insert" parameterType="JW.pojo.RoleFunctionKey">
    insert into role_function (role_id, function_id)
    values (#{roleId,jdbcType=VARCHAR}, #{functionId,jdbcType=VARCHAR})
  </insert>
  <insert id="insertSelective" parameterType="JW.pojo.RoleFunctionKey">
    insert into role_function
    <trim prefix="(" suffix=")" suffixOverrides=",">
      <if test="roleId != null">
        role_id,
      </if>
      <if test="functionId != null">
        function_id,
      </if>
    </trim>
    <trim prefix="values (" suffix=")" suffixOverrides=",">
      <if test="roleId != null">
        #{roleId,jdbcType=VARCHAR},
      </if>
      <if test="functionId != null">
        #{functionId,jdbcType=VARCHAR},
      </if>
    </trim>
  </insert>
  <select id="countByExample" parameterType="JW.pojo.RoleFunctionExample" resultType="java.lang.Integer">
    select count(*) from role_function
    <if test="_parameter != null">
      <include refid="Example_Where_Clause" />
    </if>
  </select>
  <update id="updateByExampleSelective" parameterType="map">
    update role_function
    <set>
      <if test="record.roleId != null">
        role_id = #{record.roleId,jdbcType=VARCHAR},
      </if>
      <if test="record.functionId != null">
        function_id = #{record.functionId,jdbcType=VARCHAR},
      </if>
    </set>
    <if test="_parameter != null">
      <include refid="Update_By_Example_Where_Clause" />
    </if>
  </update>
  <update id="updateByExample" parameterType="map">
    update role_function
    set role_id = #{record.roleId,jdbcType=VARCHAR},
      function_id = #{record.functionId,jdbcType=VARCHAR}
    <if test="_parameter != null">
      <include refid="Update_By_Example_Where_Clause" />
    </if>
  </update>
  <resultMap id="BaseResultMap" type="JW.pojo.RoleFunctionKey">
    <id column="role_id" jdbcType="VARCHAR" property="roleId" />
    <id column="function_id" jdbcType="VARCHAR" property="functionId" />
  </resultMap>
  <sql id="Example_Where_Clause">
    <where>
      <foreach collection="oredCriteria" item="criteria" separator="or">
        <if test="criteria.valid">
          <trim prefix="(" prefixOverrides="and" suffix=")">
            <foreach collection="criteria.criteria" item="criterion">
              <choose>
                <when test="criterion.noValue">
                  and ${criterion.condition}
                </when>
                <when test="criterion.singleValue">
                  and ${criterion.condition} #{criterion.value}
                </when>
                <when test="criterion.betweenValue">
                  and ${criterion.condition} #{criterion.value} and #{criterion.secondValue}
                </when>
                <when test="criterion.listValue">
                  and ${criterion.condition}
                  <foreach close=")" collection="criterion.value" item="listItem" open="(" separator=",">
                    #{listItem}
                  </foreach>
                </when>
              </choose>
            </foreach>
          </trim>
        </if>
      </foreach>
    </where>
  </sql>
  <sql id="Update_By_Example_Where_Clause">
    <where>
      <foreach collection="example.oredCriteria" item="criteria" separator="or">
        <if test="criteria.valid">
          <trim prefix="(" prefixOverrides="and" suffix=")">
            <foreach collection="criteria.criteria" item="criterion">
              <choose>
                <when test="criterion.noValue">
                  and ${criterion.condition}
                </when>
                <when test="criterion.singleValue">
                  and ${criterion.condition} #{criterion.value}
                </when>
                <when test="criterion.betweenValue">
                  and ${criterion.condition} #{criterion.value} and #{criterion.secondValue}
                </when>
                <when test="criterion.listValue">
                  and ${criterion.condition}
                  <foreach close=")" collection="criterion.value" item="listItem" open="(" separator=",">
                    #{listItem}
                  </foreach>
                </when>
              </choose>
            </foreach>
          </trim>
        </if>
      </foreach>
    </where>
  </sql>
  <sql id="Base_Column_List">
    role_id, function_id
  </sql>
  <select id="selectByExample" parameterType="JW.pojo.RoleFunctionExample" resultMap="BaseResultMap">
    select
    <if test="distinct">
      distinct
    </if>
    <include refid="Base_Column_List" />
    from role_function
    <if test="_parameter != null">
      <include refid="Example_Where_Clause" />
    </if>
    <if test="orderByClause != null">
      order by ${orderByClause}
    </if>
  </select>
  <delete id="deleteByPrimaryKey" parameterType="JW.pojo.RoleFunctionKey">
    delete from role_function
    where role_id = #{roleId,jdbcType=VARCHAR}
      and function_id = #{functionId,jdbcType=VARCHAR}
  </delete>
  <delete id="deleteByExample" parameterType="JW.pojo.RoleFunctionExample">
    delete from role_function
    <if test="_parameter != null">
      <include refid="Example_Where_Clause" />
    </if>
  </delete>
  <insert id="insert" parameterType="JW.pojo.RoleFunctionKey">
    insert into role_function (role_id, function_id)
    values (#{roleId,jdbcType=VARCHAR}, #{functionId,jdbcType=VARCHAR})
  </insert>
  <insert id="insertSelective" parameterType="JW.pojo.RoleFunctionKey">
    insert into role_function
    <trim prefix="(" suffix=")" suffixOverrides=",">
      <if test="roleId != null">
        role_id,
      </if>
      <if test="functionId != null">
        function_id,
      </if>
    </trim>
    <trim prefix="values (" suffix=")" suffixOverrides=",">
      <if test="roleId != null">
        #{roleId,jdbcType=VARCHAR},
      </if>
      <if test="functionId != null">
        #{functionId,jdbcType=VARCHAR},
      </if>
    </trim>
  </insert>
  <select id="countByExample" parameterType="JW.pojo.RoleFunctionExample" resultType="java.lang.Integer">
    select count(*) from role_function
    <if test="_parameter != null">
      <include refid="Example_Where_Clause" />
    </if>
  </select>
  <update id="updateByExampleSelective" parameterType="map">
    update role_function
    <set>
      <if test="record.roleId != null">
        role_id = #{record.roleId,jdbcType=VARCHAR},
      </if>
      <if test="record.functionId != null">
        function_id = #{record.functionId,jdbcType=VARCHAR},
      </if>
    </set>
    <if test="_parameter != null">
      <include refid="Update_By_Example_Where_Clause" />
    </if>
  </update>
  <update id="updateByExample" parameterType="map">
    update role_function
    set role_id = #{record.roleId,jdbcType=VARCHAR},
      function_id = #{record.functionId,jdbcType=VARCHAR}
    <if test="_parameter != null">
      <include refid="Update_By_Example_Where_Clause" />
    </if>
  </update>
  <resultMap id="BaseResultMap" type="JW.pojo.RoleFunctionKey">
    <id column="role_id" jdbcType="VARCHAR" property="roleId" />
    <id column="function_id" jdbcType="VARCHAR" property="functionId" />
  </resultMap>
  <sql id="Example_Where_Clause">
    <where>
      <foreach collection="oredCriteria" item="criteria" separator="or">
        <if test="criteria.valid">
          <trim prefix="(" prefixOverrides="and" suffix=")">
            <foreach collection="criteria.criteria" item="criterion">
              <choose>
                <when test="criterion.noValue">
                  and ${criterion.condition}
                </when>
                <when test="criterion.singleValue">
                  and ${criterion.condition} #{criterion.value}
                </when>
                <when test="criterion.betweenValue">
                  and ${criterion.condition} #{criterion.value} and #{criterion.secondValue}
                </when>
                <when test="criterion.listValue">
                  and ${criterion.condition}
                  <foreach close=")" collection="criterion.value" item="listItem" open="(" separator=",">
                    #{listItem}
                  </foreach>
                </when>
              </choose>
            </foreach>
          </trim>
        </if>
      </foreach>
    </where>
  </sql>
  <sql id="Update_By_Example_Where_Clause">
    <where>
      <foreach collection="example.oredCriteria" item="criteria" separator="or">
        <if test="criteria.valid">
          <trim prefix="(" prefixOverrides="and" suffix=")">
            <foreach collection="criteria.criteria" item="criterion">
              <choose>
                <when test="criterion.noValue">
                  and ${criterion.condition}
                </when>
                <when test="criterion.singleValue">
                  and ${criterion.condition} #{criterion.value}
                </when>
                <when test="criterion.betweenValue">
                  and ${criterion.condition} #{criterion.value} and #{criterion.secondValue}
                </when>
                <when test="criterion.listValue">
                  and ${criterion.condition}
                  <foreach close=")" collection="criterion.value" item="listItem" open="(" separator=",">
                    #{listItem}
                  </foreach>
                </when>
              </choose>
            </foreach>
          </trim>
        </if>
      </foreach>
    </where>
  </sql>
  <sql id="Base_Column_List">
    role_id, function_id
  </sql>
  <select id="selectByExample" parameterType="JW.pojo.RoleFunctionExample" resultMap="BaseResultMap">
    select
    <if test="distinct">
      distinct
    </if>
    <include refid="Base_Column_List" />
    from role_function
    <if test="_parameter != null">
      <include refid="Example_Where_Clause" />
    </if>
    <if test="orderByClause != null">
      order by ${orderByClause}
    </if>
  </select>
  <delete id="deleteByPrimaryKey" parameterType="JW.pojo.RoleFunctionKey">
    delete from role_function
    where role_id = #{roleId,jdbcType=VARCHAR}
      and function_id = #{functionId,jdbcType=VARCHAR}
  </delete>
  <delete id="deleteByExample" parameterType="JW.pojo.RoleFunctionExample">
    delete from role_function
    <if test="_parameter != null">
      <include refid="Example_Where_Clause" />
    </if>
  </delete>
  <insert id="insert" parameterType="JW.pojo.RoleFunctionKey">
    insert into role_function (role_id, function_id)
    values (#{roleId,jdbcType=VARCHAR}, #{functionId,jdbcType=VARCHAR})
  </insert>
  <insert id="insertSelective" parameterType="JW.pojo.RoleFunctionKey">
    insert into role_function
    <trim prefix="(" suffix=")" suffixOverrides=",">
      <if test="roleId != null">
        role_id,
      </if>
      <if test="functionId != null">
        function_id,
      </if>
    </trim>
    <trim prefix="values (" suffix=")" suffixOverrides=",">
      <if test="roleId != null">
        #{roleId,jdbcType=VARCHAR},
      </if>
      <if test="functionId != null">
        #{functionId,jdbcType=VARCHAR},
      </if>
    </trim>
  </insert>
  <select id="countByExample" parameterType="JW.pojo.RoleFunctionExample" resultType="java.lang.Integer">
    select count(*) from role_function
    <if test="_parameter != null">
      <include refid="Example_Where_Clause" />
    </if>
  </select>
  <update id="updateByExampleSelective" parameterType="map">
    update role_function
    <set>
      <if test="record.roleId != null">
        role_id = #{record.roleId,jdbcType=VARCHAR},
      </if>
      <if test="record.functionId != null">
        function_id = #{record.functionId,jdbcType=VARCHAR},
      </if>
    </set>
    <if test="_parameter != null">
      <include refid="Update_By_Example_Where_Clause" />
    </if>
  </update>
  <update id="updateByExample" parameterType="map">
    update role_function
    set role_id = #{record.roleId,jdbcType=VARCHAR},
      function_id = #{record.functionId,jdbcType=VARCHAR}
    <if test="_parameter != null">
      <include refid="Update_By_Example_Where_Clause" />
    </if>
  </update>
  <resultMap id="BaseResultMap" type="JW.pojo.RoleFunctionKey">
    <id column="role_id" jdbcType="VARCHAR" property="roleId" />
    <id column="function_id" jdbcType="VARCHAR" property="functionId" />
  </resultMap>
  <sql id="Example_Where_Clause">
    <where>
      <foreach collection="oredCriteria" item="criteria" separator="or">
        <if test="criteria.valid">
          <trim prefix="(" prefixOverrides="and" suffix=")">
            <foreach collection="criteria.criteria" item="criterion">
              <choose>
                <when test="criterion.noValue">
                  and ${criterion.condition}
                </when>
                <when test="criterion.singleValue">
                  and ${criterion.condition} #{criterion.value}
                </when>
                <when test="criterion.betweenValue">
                  and ${criterion.condition} #{criterion.value} and #{criterion.secondValue}
                </when>
                <when test="criterion.listValue">
                  and ${criterion.condition}
                  <foreach close=")" collection="criterion.value" item="listItem" open="(" separator=",">
                    #{listItem}
                  </foreach>
                </when>
              </choose>
            </foreach>
          </trim>
        </if>
      </foreach>
    </where>
  </sql>
  <sql id="Update_By_Example_Where_Clause">
    <where>
      <foreach collection="example.oredCriteria" item="criteria" separator="or">
        <if test="criteria.valid">
          <trim prefix="(" prefixOverrides="and" suffix=")">
            <foreach collection="criteria.criteria" item="criterion">
              <choose>
                <when test="criterion.noValue">
                  and ${criterion.condition}
                </when>
                <when test="criterion.singleValue">
                  and ${criterion.condition} #{criterion.value}
                </when>
                <when test="criterion.betweenValue">
                  and ${criterion.condition} #{criterion.value} and #{criterion.secondValue}
                </when>
                <when test="criterion.listValue">
                  and ${criterion.condition}
                  <foreach close=")" collection="criterion.value" item="listItem" open="(" separator=",">
                    #{listItem}
                  </foreach>
                </when>
              </choose>
            </foreach>
          </trim>
        </if>
      </foreach>
    </where>
  </sql>
  <sql id="Base_Column_List">
    role_id, function_id
  </sql>
  <select id="selectByExample" parameterType="JW.pojo.RoleFunctionExample" resultMap="BaseResultMap">
    select
    <if test="distinct">
      distinct
    </if>
    <include refid="Base_Column_List" />
    from role_function
    <if test="_parameter != null">
      <include refid="Example_Where_Clause" />
    </if>
    <if test="orderByClause != null">
      order by ${orderByClause}
    </if>
  </select>
  <delete id="deleteByPrimaryKey" parameterType="JW.pojo.RoleFunctionKey">
    delete from role_function
    where role_id = #{roleId,jdbcType=VARCHAR}
      and function_id = #{functionId,jdbcType=VARCHAR}
  </delete>
  <delete id="deleteByExample" parameterType="JW.pojo.RoleFunctionExample">
    delete from role_function
    <if test="_parameter != null">
      <include refid="Example_Where_Clause" />
    </if>
  </delete>
  <insert id="insert" parameterType="JW.pojo.RoleFunctionKey">
    insert into role_function (role_id, function_id)
    values (#{roleId,jdbcType=VARCHAR}, #{functionId,jdbcType=VARCHAR})
  </insert>
  <insert id="insertSelective" parameterType="JW.pojo.RoleFunctionKey">
    insert into role_function
    <trim prefix="(" suffix=")" suffixOverrides=",">
      <if test="roleId != null">
        role_id,
      </if>
      <if test="functionId != null">
        function_id,
      </if>
    </trim>
    <trim prefix="values (" suffix=")" suffixOverrides=",">
      <if test="roleId != null">
        #{roleId,jdbcType=VARCHAR},
      </if>
      <if test="functionId != null">
        #{functionId,jdbcType=VARCHAR},
      </if>
    </trim>
  </insert>
  <select id="countByExample" parameterType="JW.pojo.RoleFunctionExample" resultType="java.lang.Integer">
    select count(*) from role_function
    <if test="_parameter != null">
      <include refid="Example_Where_Clause" />
    </if>
  </select>
  <update id="updateByExampleSelective" parameterType="map">
    update role_function
    <set>
      <if test="record.roleId != null">
        role_id = #{record.roleId,jdbcType=VARCHAR},
      </if>
      <if test="record.functionId != null">
        function_id = #{record.functionId,jdbcType=VARCHAR},
      </if>
    </set>
    <if test="_parameter != null">
      <include refid="Update_By_Example_Where_Clause" />
    </if>
  </update>
  <update id="updateByExample" parameterType="map">
    update role_function
    set role_id = #{record.roleId,jdbcType=VARCHAR},
      function_id = #{record.functionId,jdbcType=VARCHAR}
    <if test="_parameter != null">
      <include refid="Update_By_Example_Where_Clause" />
    </if>
  </update>
</mapper>