<?xml version="1.0" encoding="UTF-8"?>
<!DOCTYPE mapper PUBLIC "-//mybatis.org//DTD Mapper 3.0//EN" "http://mybatis.org/dtd/mybatis-3-mapper.dtd">
<mapper namespace="JW.mapper.TClassesMapper">
  <resultMap id="BaseResultMap" type="JW.pojo.TClasses">
    <id column="id" jdbcType="VARCHAR" property="id" />
    <result column="classname" jdbcType="VARCHAR" property="classname" />
    <result column="specialty_id" jdbcType="VARCHAR" property="specialtyId" />
  </resultMap>
  <sql id="Example_Where_Clause">
    <where>
      <foreach collection="oredCriteria" item="criteria" separator="or">
        <if test="criteria.valid">
          <trim prefix="(" prefixOverrides="and" suffix=")">
            <foreach collection="criteria.criteria" item="criterion">
              <choose>
                <when test="criterion.noValue">
                  and ${criterion.condition}
                </when>
                <when test="criterion.singleValue">
                  and ${criterion.condition} #{criterion.value}
                </when>
                <when test="criterion.betweenValue">
                  and ${criterion.condition} #{criterion.value} and #{criterion.secondValue}
                </when>
                <when test="criterion.listValue">
                  and ${criterion.condition}
                  <foreach close=")" collection="criterion.value" item="listItem" open="(" separator=",">
                    #{listItem}
                  </foreach>
                </when>
              </choose>
            </foreach>
          </trim>
        </if>
      </foreach>
    </where>
  </sql>
  <sql id="Update_By_Example_Where_Clause">
    <where>
      <foreach collection="example.oredCriteria" item="criteria" separator="or">
        <if test="criteria.valid">
          <trim prefix="(" prefixOverrides="and" suffix=")">
            <foreach collection="criteria.criteria" item="criterion">
              <choose>
                <when test="criterion.noValue">
                  and ${criterion.condition}
                </when>
                <when test="criterion.singleValue">
                  and ${criterion.condition} #{criterion.value}
                </when>
                <when test="criterion.betweenValue">
                  and ${criterion.condition} #{criterion.value} and #{criterion.secondValue}
                </when>
                <when test="criterion.listValue">
                  and ${criterion.condition}
                  <foreach close=")" collection="criterion.value" item="listItem" open="(" separator=",">
                    #{listItem}
                  </foreach>
                </when>
              </choose>
            </foreach>
          </trim>
        </if>
      </foreach>
    </where>
  </sql>
  <sql id="Base_Column_List">
    id, classname, specialty_id
  </sql>
  <select id="selectByExample" parameterType="JW.pojo.TClassesExample" resultMap="BaseResultMap">
    select
    <if test="distinct">
      distinct
    </if>
    <include refid="Base_Column_List" />
    from t_classes
    <if test="_parameter != null">
      <include refid="Example_Where_Clause" />
    </if>
    <if test="orderByClause != null">
      order by ${orderByClause}
    </if>
  </select>
  <select id="selectByPrimaryKey" parameterType="java.lang.String" resultMap="BaseResultMap">
    select 
    <include refid="Base_Column_List" />
    from t_classes
    where id = #{id,jdbcType=VARCHAR}
  </select>
  <delete id="deleteByPrimaryKey" parameterType="java.lang.String">
    delete from t_classes
    where id = #{id,jdbcType=VARCHAR}
  </delete>
  <delete id="deleteByExample" parameterType="JW.pojo.TClassesExample">
    delete from t_classes
    <if test="_parameter != null">
      <include refid="Example_Where_Clause" />
    </if>
  </delete>
  <insert id="insert" parameterType="JW.pojo.TClasses">
    insert into t_classes (id, classname, specialty_id
      )
    values (#{id,jdbcType=VARCHAR}, #{classname,jdbcType=VARCHAR}, #{specialtyId,jdbcType=VARCHAR}
      )
  </insert>
  <insert id="insertSelective" parameterType="JW.pojo.TClasses">
    insert into t_classes
    <trim prefix="(" suffix=")" suffixOverrides=",">
      <if test="id != null">
        id,
      </if>
      <if test="classname != null">
        classname,
      </if>
      <if test="specialtyId != null">
        specialty_id,
      </if>
    </trim>
    <trim prefix="values (" suffix=")" suffixOverrides=",">
      <if test="id != null">
        #{id,jdbcType=VARCHAR},
      </if>
      <if test="classname != null">
        #{classname,jdbcType=VARCHAR},
      </if>
      <if test="specialtyId != null">
        #{specialtyId,jdbcType=VARCHAR},
      </if>
    </trim>
  </insert>
  <select id="countByExample" parameterType="JW.pojo.TClassesExample" resultType="java.lang.Integer">
    select count(*) from t_classes
    <if test="_parameter != null">
      <include refid="Example_Where_Clause" />
    </if>
  </select>
  <update id="updateByExampleSelective" parameterType="map">
    update t_classes
    <set>
      <if test="record.id != null">
        id = #{record.id,jdbcType=VARCHAR},
      </if>
      <if test="record.classname != null">
        classname = #{record.classname,jdbcType=VARCHAR},
      </if>
      <if test="record.specialtyId != null">
        specialty_id = #{record.specialtyId,jdbcType=VARCHAR},
      </if>
    </set>
    <if test="_parameter != null">
      <include refid="Update_By_Example_Where_Clause" />
    </if>
  </update>
  <update id="updateByExample" parameterType="map">
    update t_classes
    set id = #{record.id,jdbcType=VARCHAR},
      classname = #{record.classname,jdbcType=VARCHAR},
      specialty_id = #{record.specialtyId,jdbcType=VARCHAR}
    <if test="_parameter != null">
      <include refid="Update_By_Example_Where_Clause" />
    </if>
  </update>
  <update id="updateByPrimaryKeySelective" parameterType="JW.pojo.TClasses">
    update t_classes
    <set>
      <if test="classname != null">
        classname = #{classname,jdbcType=VARCHAR},
      </if>
      <if test="specialtyId != null">
        specialty_id = #{specialtyId,jdbcType=VARCHAR},
      </if>
    </set>
    where id = #{id,jdbcType=VARCHAR}
  </update>
  <update id="updateByPrimaryKey" parameterType="JW.pojo.TClasses">
    update t_classes
    set classname = #{classname,jdbcType=VARCHAR},
      specialty_id = #{specialtyId,jdbcType=VARCHAR}
    where id = #{id,jdbcType=VARCHAR}
  </update>
  <resultMap id="BaseResultMap" type="JW.pojo.TClasses">
    <id column="id" jdbcType="VARCHAR" property="id" />
    <result column="classname" jdbcType="VARCHAR" property="classname" />
    <result column="specialty_id" jdbcType="VARCHAR" property="specialtyId" />
  </resultMap>
  <sql id="Example_Where_Clause">
    <where>
      <foreach collection="oredCriteria" item="criteria" separator="or">
        <if test="criteria.valid">
          <trim prefix="(" prefixOverrides="and" suffix=")">
            <foreach collection="criteria.criteria" item="criterion">
              <choose>
                <when test="criterion.noValue">
                  and ${criterion.condition}
                </when>
                <when test="criterion.singleValue">
                  and ${criterion.condition} #{criterion.value}
                </when>
                <when test="criterion.betweenValue">
                  and ${criterion.condition} #{criterion.value} and #{criterion.secondValue}
                </when>
                <when test="criterion.listValue">
                  and ${criterion.condition}
                  <foreach close=")" collection="criterion.value" item="listItem" open="(" separator=",">
                    #{listItem}
                  </foreach>
                </when>
              </choose>
            </foreach>
          </trim>
        </if>
      </foreach>
    </where>
  </sql>
  <sql id="Update_By_Example_Where_Clause">
    <where>
      <foreach collection="example.oredCriteria" item="criteria" separator="or">
        <if test="criteria.valid">
          <trim prefix="(" prefixOverrides="and" suffix=")">
            <foreach collection="criteria.criteria" item="criterion">
              <choose>
                <when test="criterion.noValue">
                  and ${criterion.condition}
                </when>
                <when test="criterion.singleValue">
                  and ${criterion.condition} #{criterion.value}
                </when>
                <when test="criterion.betweenValue">
                  and ${criterion.condition} #{criterion.value} and #{criterion.secondValue}
                </when>
                <when test="criterion.listValue">
                  and ${criterion.condition}
                  <foreach close=")" collection="criterion.value" item="listItem" open="(" separator=",">
                    #{listItem}
                  </foreach>
                </when>
              </choose>
            </foreach>
          </trim>
        </if>
      </foreach>
    </where>
  </sql>
  <sql id="Base_Column_List">
    id, classname, specialty_id
  </sql>
  <select id="selectByExample" parameterType="JW.pojo.TClassesExample" resultMap="BaseResultMap">
    select
    <if test="distinct">
      distinct
    </if>
    <include refid="Base_Column_List" />
    from t_classes
    <if test="_parameter != null">
      <include refid="Example_Where_Clause" />
    </if>
    <if test="orderByClause != null">
      order by ${orderByClause}
    </if>
  </select>
  <select id="selectByPrimaryKey" parameterType="java.lang.String" resultMap="BaseResultMap">
    select 
    <include refid="Base_Column_List" />
    from t_classes
    where id = #{id,jdbcType=VARCHAR}
  </select>
  <delete id="deleteByPrimaryKey" parameterType="java.lang.String">
    delete from t_classes
    where id = #{id,jdbcType=VARCHAR}
  </delete>
  <delete id="deleteByExample" parameterType="JW.pojo.TClassesExample">
    delete from t_classes
    <if test="_parameter != null">
      <include refid="Example_Where_Clause" />
    </if>
  </delete>
  <insert id="insert" parameterType="JW.pojo.TClasses">
    insert into t_classes (id, classname, specialty_id
      )
    values (#{id,jdbcType=VARCHAR}, #{classname,jdbcType=VARCHAR}, #{specialtyId,jdbcType=VARCHAR}
      )
  </insert>
  <insert id="insertSelective" parameterType="JW.pojo.TClasses">
    insert into t_classes
    <trim prefix="(" suffix=")" suffixOverrides=",">
      <if test="id != null">
        id,
      </if>
      <if test="classname != null">
        classname,
      </if>
      <if test="specialtyId != null">
        specialty_id,
      </if>
    </trim>
    <trim prefix="values (" suffix=")" suffixOverrides=",">
      <if test="id != null">
        #{id,jdbcType=VARCHAR},
      </if>
      <if test="classname != null">
        #{classname,jdbcType=VARCHAR},
      </if>
      <if test="specialtyId != null">
        #{specialtyId,jdbcType=VARCHAR},
      </if>
    </trim>
  </insert>
  <select id="countByExample" parameterType="JW.pojo.TClassesExample" resultType="java.lang.Integer">
    select count(*) from t_classes
    <if test="_parameter != null">
      <include refid="Example_Where_Clause" />
    </if>
  </select>
  <update id="updateByExampleSelective" parameterType="map">
    update t_classes
    <set>
      <if test="record.id != null">
        id = #{record.id,jdbcType=VARCHAR},
      </if>
      <if test="record.classname != null">
        classname = #{record.classname,jdbcType=VARCHAR},
      </if>
      <if test="record.specialtyId != null">
        specialty_id = #{record.specialtyId,jdbcType=VARCHAR},
      </if>
    </set>
    <if test="_parameter != null">
      <include refid="Update_By_Example_Where_Clause" />
    </if>
  </update>
  <update id="updateByExample" parameterType="map">
    update t_classes
    set id = #{record.id,jdbcType=VARCHAR},
      classname = #{record.classname,jdbcType=VARCHAR},
      specialty_id = #{record.specialtyId,jdbcType=VARCHAR}
    <if test="_parameter != null">
      <include refid="Update_By_Example_Where_Clause" />
    </if>
  </update>
  <update id="updateByPrimaryKeySelective" parameterType="JW.pojo.TClasses">
    update t_classes
    <set>
      <if test="classname != null">
        classname = #{classname,jdbcType=VARCHAR},
      </if>
      <if test="specialtyId != null">
        specialty_id = #{specialtyId,jdbcType=VARCHAR},
      </if>
    </set>
    where id = #{id,jdbcType=VARCHAR}
  </update>
  <update id="updateByPrimaryKey" parameterType="JW.pojo.TClasses">
    update t_classes
    set classname = #{classname,jdbcType=VARCHAR},
      specialty_id = #{specialtyId,jdbcType=VARCHAR}
    where id = #{id,jdbcType=VARCHAR}
  </update>
  <resultMap id="BaseResultMap" type="JW.pojo.TClasses">
    <id column="id" jdbcType="VARCHAR" property="id" />
    <result column="classname" jdbcType="VARCHAR" property="classname" />
    <result column="specialty_id" jdbcType="VARCHAR" property="specialtyId" />
  </resultMap>
  <sql id="Example_Where_Clause">
    <where>
      <foreach collection="oredCriteria" item="criteria" separator="or">
        <if test="criteria.valid">
          <trim prefix="(" prefixOverrides="and" suffix=")">
            <foreach collection="criteria.criteria" item="criterion">
              <choose>
                <when test="criterion.noValue">
                  and ${criterion.condition}
                </when>
                <when test="criterion.singleValue">
                  and ${criterion.condition} #{criterion.value}
                </when>
                <when test="criterion.betweenValue">
                  and ${criterion.condition} #{criterion.value} and #{criterion.secondValue}
                </when>
                <when test="criterion.listValue">
                  and ${criterion.condition}
                  <foreach close=")" collection="criterion.value" item="listItem" open="(" separator=",">
                    #{listItem}
                  </foreach>
                </when>
              </choose>
            </foreach>
          </trim>
        </if>
      </foreach>
    </where>
  </sql>
  <sql id="Update_By_Example_Where_Clause">
    <where>
      <foreach collection="example.oredCriteria" item="criteria" separator="or">
        <if test="criteria.valid">
          <trim prefix="(" prefixOverrides="and" suffix=")">
            <foreach collection="criteria.criteria" item="criterion">
              <choose>
                <when test="criterion.noValue">
                  and ${criterion.condition}
                </when>
                <when test="criterion.singleValue">
                  and ${criterion.condition} #{criterion.value}
                </when>
                <when test="criterion.betweenValue">
                  and ${criterion.condition} #{criterion.value} and #{criterion.secondValue}
                </when>
                <when test="criterion.listValue">
                  and ${criterion.condition}
                  <foreach close=")" collection="criterion.value" item="listItem" open="(" separator=",">
                    #{listItem}
                  </foreach>
                </when>
              </choose>
            </foreach>
          </trim>
        </if>
      </foreach>
    </where>
  </sql>
  <sql id="Base_Column_List">
    id, classname, specialty_id
  </sql>
  <select id="selectByExample" parameterType="JW.pojo.TClassesExample" resultMap="BaseResultMap">
    select
    <if test="distinct">
      distinct
    </if>
    <include refid="Base_Column_List" />
    from t_classes
    <if test="_parameter != null">
      <include refid="Example_Where_Clause" />
    </if>
    <if test="orderByClause != null">
      order by ${orderByClause}
    </if>
  </select>
  <select id="selectByPrimaryKey" parameterType="java.lang.String" resultMap="BaseResultMap">
    select 
    <include refid="Base_Column_List" />
    from t_classes
    where id = #{id,jdbcType=VARCHAR}
  </select>
  <delete id="deleteByPrimaryKey" parameterType="java.lang.String">
    delete from t_classes
    where id = #{id,jdbcType=VARCHAR}
  </delete>
  <delete id="deleteByExample" parameterType="JW.pojo.TClassesExample">
    delete from t_classes
    <if test="_parameter != null">
      <include refid="Example_Where_Clause" />
    </if>
  </delete>
  <insert id="insert" parameterType="JW.pojo.TClasses">
    insert into t_classes (id, classname, specialty_id
      )
    values (#{id,jdbcType=VARCHAR}, #{classname,jdbcType=VARCHAR}, #{specialtyId,jdbcType=VARCHAR}
      )
  </insert>
  <insert id="insertSelective" parameterType="JW.pojo.TClasses">
    insert into t_classes
    <trim prefix="(" suffix=")" suffixOverrides=",">
      <if test="id != null">
        id,
      </if>
      <if test="classname != null">
        classname,
      </if>
      <if test="specialtyId != null">
        specialty_id,
      </if>
    </trim>
    <trim prefix="values (" suffix=")" suffixOverrides=",">
      <if test="id != null">
        #{id,jdbcType=VARCHAR},
      </if>
      <if test="classname != null">
        #{classname,jdbcType=VARCHAR},
      </if>
      <if test="specialtyId != null">
        #{specialtyId,jdbcType=VARCHAR},
      </if>
    </trim>
  </insert>
  <select id="countByExample" parameterType="JW.pojo.TClassesExample" resultType="java.lang.Integer">
    select count(*) from t_classes
    <if test="_parameter != null">
      <include refid="Example_Where_Clause" />
    </if>
  </select>
  <update id="updateByExampleSelective" parameterType="map">
    update t_classes
    <set>
      <if test="record.id != null">
        id = #{record.id,jdbcType=VARCHAR},
      </if>
      <if test="record.classname != null">
        classname = #{record.classname,jdbcType=VARCHAR},
      </if>
      <if test="record.specialtyId != null">
        specialty_id = #{record.specialtyId,jdbcType=VARCHAR},
      </if>
    </set>
    <if test="_parameter != null">
      <include refid="Update_By_Example_Where_Clause" />
    </if>
  </update>
  <update id="updateByExample" parameterType="map">
    update t_classes
    set id = #{record.id,jdbcType=VARCHAR},
      classname = #{record.classname,jdbcType=VARCHAR},
      specialty_id = #{record.specialtyId,jdbcType=VARCHAR}
    <if test="_parameter != null">
      <include refid="Update_By_Example_Where_Clause" />
    </if>
  </update>
  <update id="updateByPrimaryKeySelective" parameterType="JW.pojo.TClasses">
    update t_classes
    <set>
      <if test="classname != null">
        classname = #{classname,jdbcType=VARCHAR},
      </if>
      <if test="specialtyId != null">
        specialty_id = #{specialtyId,jdbcType=VARCHAR},
      </if>
    </set>
    where id = #{id,jdbcType=VARCHAR}
  </update>
  <update id="updateByPrimaryKey" parameterType="JW.pojo.TClasses">
    update t_classes
    set classname = #{classname,jdbcType=VARCHAR},
      specialty_id = #{specialtyId,jdbcType=VARCHAR}
    where id = #{id,jdbcType=VARCHAR}
  </update>
  <resultMap id="BaseResultMap" type="JW.pojo.TClasses">
    <id column="id" jdbcType="VARCHAR" property="id" />
    <result column="classname" jdbcType="VARCHAR" property="classname" />
    <result column="specialty_id" jdbcType="VARCHAR" property="specialtyId" />
  </resultMap>
  <sql id="Example_Where_Clause">
    <where>
      <foreach collection="oredCriteria" item="criteria" separator="or">
        <if test="criteria.valid">
          <trim prefix="(" prefixOverrides="and" suffix=")">
            <foreach collection="criteria.criteria" item="criterion">
              <choose>
                <when test="criterion.noValue">
                  and ${criterion.condition}
                </when>
                <when test="criterion.singleValue">
                  and ${criterion.condition} #{criterion.value}
                </when>
                <when test="criterion.betweenValue">
                  and ${criterion.condition} #{criterion.value} and #{criterion.secondValue}
                </when>
                <when test="criterion.listValue">
                  and ${criterion.condition}
                  <foreach close=")" collection="criterion.value" item="listItem" open="(" separator=",">
                    #{listItem}
                  </foreach>
                </when>
              </choose>
            </foreach>
          </trim>
        </if>
      </foreach>
    </where>
  </sql>
  <sql id="Update_By_Example_Where_Clause">
    <where>
      <foreach collection="example.oredCriteria" item="criteria" separator="or">
        <if test="criteria.valid">
          <trim prefix="(" prefixOverrides="and" suffix=")">
            <foreach collection="criteria.criteria" item="criterion">
              <choose>
                <when test="criterion.noValue">
                  and ${criterion.condition}
                </when>
                <when test="criterion.singleValue">
                  and ${criterion.condition} #{criterion.value}
                </when>
                <when test="criterion.betweenValue">
                  and ${criterion.condition} #{criterion.value} and #{criterion.secondValue}
                </when>
                <when test="criterion.listValue">
                  and ${criterion.condition}
                  <foreach close=")" collection="criterion.value" item="listItem" open="(" separator=",">
                    #{listItem}
                  </foreach>
                </when>
              </choose>
            </foreach>
          </trim>
        </if>
      </foreach>
    </where>
  </sql>
  <sql id="Base_Column_List">
    id, classname, specialty_id
  </sql>
  <select id="selectByExample" parameterType="JW.pojo.TClassesExample" resultMap="BaseResultMap">
    select
    <if test="distinct">
      distinct
    </if>
    <include refid="Base_Column_List" />
    from t_classes
    <if test="_parameter != null">
      <include refid="Example_Where_Clause" />
    </if>
    <if test="orderByClause != null">
      order by ${orderByClause}
    </if>
  </select>
  <select id="selectByPrimaryKey" parameterType="java.lang.String" resultMap="BaseResultMap">
    select 
    <include refid="Base_Column_List" />
    from t_classes
    where id = #{id,jdbcType=VARCHAR}
  </select>
  <delete id="deleteByPrimaryKey" parameterType="java.lang.String">
    delete from t_classes
    where id = #{id,jdbcType=VARCHAR}
  </delete>
  <delete id="deleteByExample" parameterType="JW.pojo.TClassesExample">
    delete from t_classes
    <if test="_parameter != null">
      <include refid="Example_Where_Clause" />
    </if>
  </delete>
  <insert id="insert" parameterType="JW.pojo.TClasses">
    insert into t_classes (id, classname, specialty_id
      )
    values (#{id,jdbcType=VARCHAR}, #{classname,jdbcType=VARCHAR}, #{specialtyId,jdbcType=VARCHAR}
      )
  </insert>
  <insert id="insertSelective" parameterType="JW.pojo.TClasses">
    insert into t_classes
    <trim prefix="(" suffix=")" suffixOverrides=",">
      <if test="id != null">
        id,
      </if>
      <if test="classname != null">
        classname,
      </if>
      <if test="specialtyId != null">
        specialty_id,
      </if>
    </trim>
    <trim prefix="values (" suffix=")" suffixOverrides=",">
      <if test="id != null">
        #{id,jdbcType=VARCHAR},
      </if>
      <if test="classname != null">
        #{classname,jdbcType=VARCHAR},
      </if>
      <if test="specialtyId != null">
        #{specialtyId,jdbcType=VARCHAR},
      </if>
    </trim>
  </insert>
  <select id="countByExample" parameterType="JW.pojo.TClassesExample" resultType="java.lang.Integer">
    select count(*) from t_classes
    <if test="_parameter != null">
      <include refid="Example_Where_Clause" />
    </if>
  </select>
  <update id="updateByExampleSelective" parameterType="map">
    update t_classes
    <set>
      <if test="record.id != null">
        id = #{record.id,jdbcType=VARCHAR},
      </if>
      <if test="record.classname != null">
        classname = #{record.classname,jdbcType=VARCHAR},
      </if>
      <if test="record.specialtyId != null">
        specialty_id = #{record.specialtyId,jdbcType=VARCHAR},
      </if>
    </set>
    <if test="_parameter != null">
      <include refid="Update_By_Example_Where_Clause" />
    </if>
  </update>
  <update id="updateByExample" parameterType="map">
    update t_classes
    set id = #{record.id,jdbcType=VARCHAR},
      classname = #{record.classname,jdbcType=VARCHAR},
      specialty_id = #{record.specialtyId,jdbcType=VARCHAR}
    <if test="_parameter != null">
      <include refid="Update_By_Example_Where_Clause" />
    </if>
  </update>
  <update id="updateByPrimaryKeySelective" parameterType="JW.pojo.TClasses">
    update t_classes
    <set>
      <if test="classname != null">
        classname = #{classname,jdbcType=VARCHAR},
      </if>
      <if test="specialtyId != null">
        specialty_id = #{specialtyId,jdbcType=VARCHAR},
      </if>
    </set>
    where id = #{id,jdbcType=VARCHAR}
  </update>
  <update id="updateByPrimaryKey" parameterType="JW.pojo.TClasses">
    update t_classes
    set classname = #{classname,jdbcType=VARCHAR},
      specialty_id = #{specialtyId,jdbcType=VARCHAR}
    where id = #{id,jdbcType=VARCHAR}
  </update>
  <resultMap id="BaseResultMap" type="JW.pojo.TClasses">
    <id column="id" jdbcType="VARCHAR" property="id" />
    <result column="classname" jdbcType="VARCHAR" property="classname" />
    <result column="specialty_id" jdbcType="VARCHAR" property="specialtyId" />
  </resultMap>
  <sql id="Example_Where_Clause">
    <where>
      <foreach collection="oredCriteria" item="criteria" separator="or">
        <if test="criteria.valid">
          <trim prefix="(" prefixOverrides="and" suffix=")">
            <foreach collection="criteria.criteria" item="criterion">
              <choose>
                <when test="criterion.noValue">
                  and ${criterion.condition}
                </when>
                <when test="criterion.singleValue">
                  and ${criterion.condition} #{criterion.value}
                </when>
                <when test="criterion.betweenValue">
                  and ${criterion.condition} #{criterion.value} and #{criterion.secondValue}
                </when>
                <when test="criterion.listValue">
                  and ${criterion.condition}
                  <foreach close=")" collection="criterion.value" item="listItem" open="(" separator=",">
                    #{listItem}
                  </foreach>
                </when>
              </choose>
            </foreach>
          </trim>
        </if>
      </foreach>
    </where>
  </sql>
  <sql id="Update_By_Example_Where_Clause">
    <where>
      <foreach collection="example.oredCriteria" item="criteria" separator="or">
        <if test="criteria.valid">
          <trim prefix="(" prefixOverrides="and" suffix=")">
            <foreach collection="criteria.criteria" item="criterion">
              <choose>
                <when test="criterion.noValue">
                  and ${criterion.condition}
                </when>
                <when test="criterion.singleValue">
                  and ${criterion.condition} #{criterion.value}
                </when>
                <when test="criterion.betweenValue">
                  and ${criterion.condition} #{criterion.value} and #{criterion.secondValue}
                </when>
                <when test="criterion.listValue">
                  and ${criterion.condition}
                  <foreach close=")" collection="criterion.value" item="listItem" open="(" separator=",">
                    #{listItem}
                  </foreach>
                </when>
              </choose>
            </foreach>
          </trim>
        </if>
      </foreach>
    </where>
  </sql>
  <sql id="Base_Column_List">
    id, classname, specialty_id
  </sql>
  <select id="selectByExample" parameterType="JW.pojo.TClassesExample" resultMap="BaseResultMap">
    select
    <if test="distinct">
      distinct
    </if>
    <include refid="Base_Column_List" />
    from t_classes
    <if test="_parameter != null">
      <include refid="Example_Where_Clause" />
    </if>
    <if test="orderByClause != null">
      order by ${orderByClause}
    </if>
  </select>
  <select id="selectByPrimaryKey" parameterType="java.lang.String" resultMap="BaseResultMap">
    select 
    <include refid="Base_Column_List" />
    from t_classes
    where id = #{id,jdbcType=VARCHAR}
  </select>
  <delete id="deleteByPrimaryKey" parameterType="java.lang.String">
    delete from t_classes
    where id = #{id,jdbcType=VARCHAR}
  </delete>
  <delete id="deleteByExample" parameterType="JW.pojo.TClassesExample">
    delete from t_classes
    <if test="_parameter != null">
      <include refid="Example_Where_Clause" />
    </if>
  </delete>
  <insert id="insert" parameterType="JW.pojo.TClasses">
    insert into t_classes (id, classname, specialty_id
      )
    values (#{id,jdbcType=VARCHAR}, #{classname,jdbcType=VARCHAR}, #{specialtyId,jdbcType=VARCHAR}
      )
  </insert>
  <insert id="insertSelective" parameterType="JW.pojo.TClasses">
    insert into t_classes
    <trim prefix="(" suffix=")" suffixOverrides=",">
      <if test="id != null">
        id,
      </if>
      <if test="classname != null">
        classname,
      </if>
      <if test="specialtyId != null">
        specialty_id,
      </if>
    </trim>
    <trim prefix="values (" suffix=")" suffixOverrides=",">
      <if test="id != null">
        #{id,jdbcType=VARCHAR},
      </if>
      <if test="classname != null">
        #{classname,jdbcType=VARCHAR},
      </if>
      <if test="specialtyId != null">
        #{specialtyId,jdbcType=VARCHAR},
      </if>
    </trim>
  </insert>
  <select id="countByExample" parameterType="JW.pojo.TClassesExample" resultType="java.lang.Integer">
    select count(*) from t_classes
    <if test="_parameter != null">
      <include refid="Example_Where_Clause" />
    </if>
  </select>
  <update id="updateByExampleSelective" parameterType="map">
    update t_classes
    <set>
      <if test="record.id != null">
        id = #{record.id,jdbcType=VARCHAR},
      </if>
      <if test="record.classname != null">
        classname = #{record.classname,jdbcType=VARCHAR},
      </if>
      <if test="record.specialtyId != null">
        specialty_id = #{record.specialtyId,jdbcType=VARCHAR},
      </if>
    </set>
    <if test="_parameter != null">
      <include refid="Update_By_Example_Where_Clause" />
    </if>
  </update>
  <update id="updateByExample" parameterType="map">
    update t_classes
    set id = #{record.id,jdbcType=VARCHAR},
      classname = #{record.classname,jdbcType=VARCHAR},
      specialty_id = #{record.specialtyId,jdbcType=VARCHAR}
    <if test="_parameter != null">
      <include refid="Update_By_Example_Where_Clause" />
    </if>
  </update>
  <update id="updateByPrimaryKeySelective" parameterType="JW.pojo.TClasses">
    update t_classes
    <set>
      <if test="classname != null">
        classname = #{classname,jdbcType=VARCHAR},
      </if>
      <if test="specialtyId != null">
        specialty_id = #{specialtyId,jdbcType=VARCHAR},
      </if>
    </set>
    where id = #{id,jdbcType=VARCHAR}
  </update>
  <update id="updateByPrimaryKey" parameterType="JW.pojo.TClasses">
    update t_classes
    set classname = #{classname,jdbcType=VARCHAR},
      specialty_id = #{specialtyId,jdbcType=VARCHAR}
    where id = #{id,jdbcType=VARCHAR}
  </update>
</mapper>