<?xml version="1.0" encoding="UTF-8"?>
<!DOCTYPE mapper PUBLIC "-//mybatis.org//DTD Mapper 3.0//EN" "http://mybatis.org/dtd/mybatis-3-mapper.dtd">
<mapper namespace="JW.mapper.TScoreMapper">
  <resultMap id="BaseResultMap" type="JW.pojo.TScore">
    <id column="Student_id" jdbcType="VARCHAR" property="studentId" />
    <id column="course_id" jdbcType="VARCHAR" property="courseId" />
    <result column="peaceTime" jdbcType="VARCHAR" property="peacetime" />
    <result column="endTime" jdbcType="VARCHAR" property="endtime" />
    <result column="score" jdbcType="VARCHAR" property="score" />
  </resultMap>
  <sql id="Example_Where_Clause">
    <where>
      <foreach collection="oredCriteria" item="criteria" separator="or">
        <if test="criteria.valid">
          <trim prefix="(" prefixOverrides="and" suffix=")">
            <foreach collection="criteria.criteria" item="criterion">
              <choose>
                <when test="criterion.noValue">
                  and ${criterion.condition}
                </when>
                <when test="criterion.singleValue">
                  and ${criterion.condition} #{criterion.value}
                </when>
                <when test="criterion.betweenValue">
                  and ${criterion.condition} #{criterion.value} and #{criterion.secondValue}
                </when>
                <when test="criterion.listValue">
                  and ${criterion.condition}
                  <foreach close=")" collection="criterion.value" item="listItem" open="(" separator=",">
                    #{listItem}
                  </foreach>
                </when>
              </choose>
            </foreach>
          </trim>
        </if>
      </foreach>
    </where>
  </sql>
  <sql id="Update_By_Example_Where_Clause">
    <where>
      <foreach collection="example.oredCriteria" item="criteria" separator="or">
        <if test="criteria.valid">
          <trim prefix="(" prefixOverrides="and" suffix=")">
            <foreach collection="criteria.criteria" item="criterion">
              <choose>
                <when test="criterion.noValue">
                  and ${criterion.condition}
                </when>
                <when test="criterion.singleValue">
                  and ${criterion.condition} #{criterion.value}
                </when>
                <when test="criterion.betweenValue">
                  and ${criterion.condition} #{criterion.value} and #{criterion.secondValue}
                </when>
                <when test="criterion.listValue">
                  and ${criterion.condition}
                  <foreach close=")" collection="criterion.value" item="listItem" open="(" separator=",">
                    #{listItem}
                  </foreach>
                </when>
              </choose>
            </foreach>
          </trim>
        </if>
      </foreach>
    </where>
  </sql>
  <sql id="Base_Column_List">
    Student_id, course_id, peaceTime, endTime, score
  </sql>
  <select id="selectByExample" parameterType="JW.pojo.TScoreExample" resultMap="BaseResultMap">
    select
    <if test="distinct">
      distinct
    </if>
    <include refid="Base_Column_List" />
    from t_score
    <if test="_parameter != null">
      <include refid="Example_Where_Clause" />
    </if>
    <if test="orderByClause != null">
      order by ${orderByClause}
    </if>
  </select>
  <select id="selectByPrimaryKey" parameterType="JW.pojo.TScoreKey" resultMap="BaseResultMap">
    select 
    <include refid="Base_Column_List" />
    from t_score
    where Student_id = #{studentId,jdbcType=VARCHAR}
      and course_id = #{courseId,jdbcType=VARCHAR}
  </select>
  <delete id="deleteByPrimaryKey" parameterType="JW.pojo.TScoreKey">
    delete from t_score
    where Student_id = #{studentId,jdbcType=VARCHAR}
      and course_id = #{courseId,jdbcType=VARCHAR}
  </delete>
  <delete id="deleteByExample" parameterType="JW.pojo.TScoreExample">
    delete from t_score
    <if test="_parameter != null">
      <include refid="Example_Where_Clause" />
    </if>
  </delete>
  <insert id="insert" parameterType="JW.pojo.TScore">
    insert into t_score (Student_id, course_id, peaceTime, 
      endTime, score)
    values (#{studentId,jdbcType=VARCHAR}, #{courseId,jdbcType=VARCHAR}, #{peacetime,jdbcType=VARCHAR}, 
      #{endtime,jdbcType=VARCHAR}, #{score,jdbcType=VARCHAR})
  </insert>
  <insert id="insertSelective" parameterType="JW.pojo.TScore">
    insert into t_score
    <trim prefix="(" suffix=")" suffixOverrides=",">
      <if test="studentId != null">
        Student_id,
      </if>
      <if test="courseId != null">
        course_id,
      </if>
      <if test="peacetime != null">
        peaceTime,
      </if>
      <if test="endtime != null">
        endTime,
      </if>
      <if test="score != null">
        score,
      </if>
    </trim>
    <trim prefix="values (" suffix=")" suffixOverrides=",">
      <if test="studentId != null">
        #{studentId,jdbcType=VARCHAR},
      </if>
      <if test="courseId != null">
        #{courseId,jdbcType=VARCHAR},
      </if>
      <if test="peacetime != null">
        #{peacetime,jdbcType=VARCHAR},
      </if>
      <if test="endtime != null">
        #{endtime,jdbcType=VARCHAR},
      </if>
      <if test="score != null">
        #{score,jdbcType=VARCHAR},
      </if>
    </trim>
  </insert>
  <select id="countByExample" parameterType="JW.pojo.TScoreExample" resultType="java.lang.Integer">
    select count(*) from t_score
    <if test="_parameter != null">
      <include refid="Example_Where_Clause" />
    </if>
  </select>
  <update id="updateByExampleSelective" parameterType="map">
    update t_score
    <set>
      <if test="record.studentId != null">
        Student_id = #{record.studentId,jdbcType=VARCHAR},
      </if>
      <if test="record.courseId != null">
        course_id = #{record.courseId,jdbcType=VARCHAR},
      </if>
      <if test="record.peacetime != null">
        peaceTime = #{record.peacetime,jdbcType=VARCHAR},
      </if>
      <if test="record.endtime != null">
        endTime = #{record.endtime,jdbcType=VARCHAR},
      </if>
      <if test="record.score != null">
        score = #{record.score,jdbcType=VARCHAR},
      </if>
    </set>
    <if test="_parameter != null">
      <include refid="Update_By_Example_Where_Clause" />
    </if>
  </update>
  <update id="updateByExample" parameterType="map">
    update t_score
    set Student_id = #{record.studentId,jdbcType=VARCHAR},
      course_id = #{record.courseId,jdbcType=VARCHAR},
      peaceTime = #{record.peacetime,jdbcType=VARCHAR},
      endTime = #{record.endtime,jdbcType=VARCHAR},
      score = #{record.score,jdbcType=VARCHAR}
    <if test="_parameter != null">
      <include refid="Update_By_Example_Where_Clause" />
    </if>
  </update>
  <update id="updateByPrimaryKeySelective" parameterType="JW.pojo.TScore">
    update t_score
    <set>
      <if test="peacetime != null">
        peaceTime = #{peacetime,jdbcType=VARCHAR},
      </if>
      <if test="endtime != null">
        endTime = #{endtime,jdbcType=VARCHAR},
      </if>
      <if test="score != null">
        score = #{score,jdbcType=VARCHAR},
      </if>
    </set>
    where Student_id = #{studentId,jdbcType=VARCHAR}
      and course_id = #{courseId,jdbcType=VARCHAR}
  </update>
  <update id="updateByPrimaryKey" parameterType="JW.pojo.TScore">
    update t_score
    set peaceTime = #{peacetime,jdbcType=VARCHAR},
      endTime = #{endtime,jdbcType=VARCHAR},
      score = #{score,jdbcType=VARCHAR}
    where Student_id = #{studentId,jdbcType=VARCHAR}
      and course_id = #{courseId,jdbcType=VARCHAR}
  </update>
  <resultMap id="BaseResultMap" type="JW.pojo.TScore">
    <id column="Student_id" jdbcType="VARCHAR" property="studentId" />
    <id column="course_id" jdbcType="VARCHAR" property="courseId" />
    <result column="peaceTime" jdbcType="VARCHAR" property="peacetime" />
    <result column="endTime" jdbcType="VARCHAR" property="endtime" />
    <result column="score" jdbcType="VARCHAR" property="score" />
  </resultMap>
  <sql id="Example_Where_Clause">
    <where>
      <foreach collection="oredCriteria" item="criteria" separator="or">
        <if test="criteria.valid">
          <trim prefix="(" prefixOverrides="and" suffix=")">
            <foreach collection="criteria.criteria" item="criterion">
              <choose>
                <when test="criterion.noValue">
                  and ${criterion.condition}
                </when>
                <when test="criterion.singleValue">
                  and ${criterion.condition} #{criterion.value}
                </when>
                <when test="criterion.betweenValue">
                  and ${criterion.condition} #{criterion.value} and #{criterion.secondValue}
                </when>
                <when test="criterion.listValue">
                  and ${criterion.condition}
                  <foreach close=")" collection="criterion.value" item="listItem" open="(" separator=",">
                    #{listItem}
                  </foreach>
                </when>
              </choose>
            </foreach>
          </trim>
        </if>
      </foreach>
    </where>
  </sql>
  <sql id="Update_By_Example_Where_Clause">
    <where>
      <foreach collection="example.oredCriteria" item="criteria" separator="or">
        <if test="criteria.valid">
          <trim prefix="(" prefixOverrides="and" suffix=")">
            <foreach collection="criteria.criteria" item="criterion">
              <choose>
                <when test="criterion.noValue">
                  and ${criterion.condition}
                </when>
                <when test="criterion.singleValue">
                  and ${criterion.condition} #{criterion.value}
                </when>
                <when test="criterion.betweenValue">
                  and ${criterion.condition} #{criterion.value} and #{criterion.secondValue}
                </when>
                <when test="criterion.listValue">
                  and ${criterion.condition}
                  <foreach close=")" collection="criterion.value" item="listItem" open="(" separator=",">
                    #{listItem}
                  </foreach>
                </when>
              </choose>
            </foreach>
          </trim>
        </if>
      </foreach>
    </where>
  </sql>
  <sql id="Base_Column_List">
    Student_id, course_id, peaceTime, endTime, score
  </sql>
  <select id="selectByExample" parameterType="JW.pojo.TScoreExample" resultMap="BaseResultMap">
    select
    <if test="distinct">
      distinct
    </if>
    <include refid="Base_Column_List" />
    from t_score
    <if test="_parameter != null">
      <include refid="Example_Where_Clause" />
    </if>
    <if test="orderByClause != null">
      order by ${orderByClause}
    </if>
  </select>
  <select id="selectByPrimaryKey" parameterType="JW.pojo.TScoreKey" resultMap="BaseResultMap">
    select 
    <include refid="Base_Column_List" />
    from t_score
    where Student_id = #{studentId,jdbcType=VARCHAR}
      and course_id = #{courseId,jdbcType=VARCHAR}
  </select>
  <delete id="deleteByPrimaryKey" parameterType="JW.pojo.TScoreKey">
    delete from t_score
    where Student_id = #{studentId,jdbcType=VARCHAR}
      and course_id = #{courseId,jdbcType=VARCHAR}
  </delete>
  <delete id="deleteByExample" parameterType="JW.pojo.TScoreExample">
    delete from t_score
    <if test="_parameter != null">
      <include refid="Example_Where_Clause" />
    </if>
  </delete>
  <insert id="insert" parameterType="JW.pojo.TScore">
    insert into t_score (Student_id, course_id, peaceTime, 
      endTime, score)
    values (#{studentId,jdbcType=VARCHAR}, #{courseId,jdbcType=VARCHAR}, #{peacetime,jdbcType=VARCHAR}, 
      #{endtime,jdbcType=VARCHAR}, #{score,jdbcType=VARCHAR})
  </insert>
  <insert id="insertSelective" parameterType="JW.pojo.TScore">
    insert into t_score
    <trim prefix="(" suffix=")" suffixOverrides=",">
      <if test="studentId != null">
        Student_id,
      </if>
      <if test="courseId != null">
        course_id,
      </if>
      <if test="peacetime != null">
        peaceTime,
      </if>
      <if test="endtime != null">
        endTime,
      </if>
      <if test="score != null">
        score,
      </if>
    </trim>
    <trim prefix="values (" suffix=")" suffixOverrides=",">
      <if test="studentId != null">
        #{studentId,jdbcType=VARCHAR},
      </if>
      <if test="courseId != null">
        #{courseId,jdbcType=VARCHAR},
      </if>
      <if test="peacetime != null">
        #{peacetime,jdbcType=VARCHAR},
      </if>
      <if test="endtime != null">
        #{endtime,jdbcType=VARCHAR},
      </if>
      <if test="score != null">
        #{score,jdbcType=VARCHAR},
      </if>
    </trim>
  </insert>
  <select id="countByExample" parameterType="JW.pojo.TScoreExample" resultType="java.lang.Integer">
    select count(*) from t_score
    <if test="_parameter != null">
      <include refid="Example_Where_Clause" />
    </if>
  </select>
  <update id="updateByExampleSelective" parameterType="map">
    update t_score
    <set>
      <if test="record.studentId != null">
        Student_id = #{record.studentId,jdbcType=VARCHAR},
      </if>
      <if test="record.courseId != null">
        course_id = #{record.courseId,jdbcType=VARCHAR},
      </if>
      <if test="record.peacetime != null">
        peaceTime = #{record.peacetime,jdbcType=VARCHAR},
      </if>
      <if test="record.endtime != null">
        endTime = #{record.endtime,jdbcType=VARCHAR},
      </if>
      <if test="record.score != null">
        score = #{record.score,jdbcType=VARCHAR},
      </if>
    </set>
    <if test="_parameter != null">
      <include refid="Update_By_Example_Where_Clause" />
    </if>
  </update>
  <update id="updateByExample" parameterType="map">
    update t_score
    set Student_id = #{record.studentId,jdbcType=VARCHAR},
      course_id = #{record.courseId,jdbcType=VARCHAR},
      peaceTime = #{record.peacetime,jdbcType=VARCHAR},
      endTime = #{record.endtime,jdbcType=VARCHAR},
      score = #{record.score,jdbcType=VARCHAR}
    <if test="_parameter != null">
      <include refid="Update_By_Example_Where_Clause" />
    </if>
  </update>
  <update id="updateByPrimaryKeySelective" parameterType="JW.pojo.TScore">
    update t_score
    <set>
      <if test="peacetime != null">
        peaceTime = #{peacetime,jdbcType=VARCHAR},
      </if>
      <if test="endtime != null">
        endTime = #{endtime,jdbcType=VARCHAR},
      </if>
      <if test="score != null">
        score = #{score,jdbcType=VARCHAR},
      </if>
    </set>
    where Student_id = #{studentId,jdbcType=VARCHAR}
      and course_id = #{courseId,jdbcType=VARCHAR}
  </update>
  <update id="updateByPrimaryKey" parameterType="JW.pojo.TScore">
    update t_score
    set peaceTime = #{peacetime,jdbcType=VARCHAR},
      endTime = #{endtime,jdbcType=VARCHAR},
      score = #{score,jdbcType=VARCHAR}
    where Student_id = #{studentId,jdbcType=VARCHAR}
      and course_id = #{courseId,jdbcType=VARCHAR}
  </update>
  <resultMap id="BaseResultMap" type="JW.pojo.TScore">
    <id column="Student_id" jdbcType="VARCHAR" property="studentId" />
    <id column="course_id" jdbcType="VARCHAR" property="courseId" />
    <result column="peaceTime" jdbcType="VARCHAR" property="peacetime" />
    <result column="endTime" jdbcType="VARCHAR" property="endtime" />
    <result column="score" jdbcType="VARCHAR" property="score" />
  </resultMap>
  <sql id="Example_Where_Clause">
    <where>
      <foreach collection="oredCriteria" item="criteria" separator="or">
        <if test="criteria.valid">
          <trim prefix="(" prefixOverrides="and" suffix=")">
            <foreach collection="criteria.criteria" item="criterion">
              <choose>
                <when test="criterion.noValue">
                  and ${criterion.condition}
                </when>
                <when test="criterion.singleValue">
                  and ${criterion.condition} #{criterion.value}
                </when>
                <when test="criterion.betweenValue">
                  and ${criterion.condition} #{criterion.value} and #{criterion.secondValue}
                </when>
                <when test="criterion.listValue">
                  and ${criterion.condition}
                  <foreach close=")" collection="criterion.value" item="listItem" open="(" separator=",">
                    #{listItem}
                  </foreach>
                </when>
              </choose>
            </foreach>
          </trim>
        </if>
      </foreach>
    </where>
  </sql>
  <sql id="Update_By_Example_Where_Clause">
    <where>
      <foreach collection="example.oredCriteria" item="criteria" separator="or">
        <if test="criteria.valid">
          <trim prefix="(" prefixOverrides="and" suffix=")">
            <foreach collection="criteria.criteria" item="criterion">
              <choose>
                <when test="criterion.noValue">
                  and ${criterion.condition}
                </when>
                <when test="criterion.singleValue">
                  and ${criterion.condition} #{criterion.value}
                </when>
                <when test="criterion.betweenValue">
                  and ${criterion.condition} #{criterion.value} and #{criterion.secondValue}
                </when>
                <when test="criterion.listValue">
                  and ${criterion.condition}
                  <foreach close=")" collection="criterion.value" item="listItem" open="(" separator=",">
                    #{listItem}
                  </foreach>
                </when>
              </choose>
            </foreach>
          </trim>
        </if>
      </foreach>
    </where>
  </sql>
  <sql id="Base_Column_List">
    Student_id, course_id, peaceTime, endTime, score
  </sql>
  <select id="selectByExample" parameterType="JW.pojo.TScoreExample" resultMap="BaseResultMap">
    select
    <if test="distinct">
      distinct
    </if>
    <include refid="Base_Column_List" />
    from t_score
    <if test="_parameter != null">
      <include refid="Example_Where_Clause" />
    </if>
    <if test="orderByClause != null">
      order by ${orderByClause}
    </if>
  </select>
  <select id="selectByPrimaryKey" parameterType="JW.pojo.TScoreKey" resultMap="BaseResultMap">
    select 
    <include refid="Base_Column_List" />
    from t_score
    where Student_id = #{studentId,jdbcType=VARCHAR}
      and course_id = #{courseId,jdbcType=VARCHAR}
  </select>
  <delete id="deleteByPrimaryKey" parameterType="JW.pojo.TScoreKey">
    delete from t_score
    where Student_id = #{studentId,jdbcType=VARCHAR}
      and course_id = #{courseId,jdbcType=VARCHAR}
  </delete>
  <delete id="deleteByExample" parameterType="JW.pojo.TScoreExample">
    delete from t_score
    <if test="_parameter != null">
      <include refid="Example_Where_Clause" />
    </if>
  </delete>
  <insert id="insert" parameterType="JW.pojo.TScore">
    insert into t_score (Student_id, course_id, peaceTime, 
      endTime, score)
    values (#{studentId,jdbcType=VARCHAR}, #{courseId,jdbcType=VARCHAR}, #{peacetime,jdbcType=VARCHAR}, 
      #{endtime,jdbcType=VARCHAR}, #{score,jdbcType=VARCHAR})
  </insert>
  <insert id="insertSelective" parameterType="JW.pojo.TScore">
    insert into t_score
    <trim prefix="(" suffix=")" suffixOverrides=",">
      <if test="studentId != null">
        Student_id,
      </if>
      <if test="courseId != null">
        course_id,
      </if>
      <if test="peacetime != null">
        peaceTime,
      </if>
      <if test="endtime != null">
        endTime,
      </if>
      <if test="score != null">
        score,
      </if>
    </trim>
    <trim prefix="values (" suffix=")" suffixOverrides=",">
      <if test="studentId != null">
        #{studentId,jdbcType=VARCHAR},
      </if>
      <if test="courseId != null">
        #{courseId,jdbcType=VARCHAR},
      </if>
      <if test="peacetime != null">
        #{peacetime,jdbcType=VARCHAR},
      </if>
      <if test="endtime != null">
        #{endtime,jdbcType=VARCHAR},
      </if>
      <if test="score != null">
        #{score,jdbcType=VARCHAR},
      </if>
    </trim>
  </insert>
  <select id="countByExample" parameterType="JW.pojo.TScoreExample" resultType="java.lang.Integer">
    select count(*) from t_score
    <if test="_parameter != null">
      <include refid="Example_Where_Clause" />
    </if>
  </select>
  <update id="updateByExampleSelective" parameterType="map">
    update t_score
    <set>
      <if test="record.studentId != null">
        Student_id = #{record.studentId,jdbcType=VARCHAR},
      </if>
      <if test="record.courseId != null">
        course_id = #{record.courseId,jdbcType=VARCHAR},
      </if>
      <if test="record.peacetime != null">
        peaceTime = #{record.peacetime,jdbcType=VARCHAR},
      </if>
      <if test="record.endtime != null">
        endTime = #{record.endtime,jdbcType=VARCHAR},
      </if>
      <if test="record.score != null">
        score = #{record.score,jdbcType=VARCHAR},
      </if>
    </set>
    <if test="_parameter != null">
      <include refid="Update_By_Example_Where_Clause" />
    </if>
  </update>
  <update id="updateByExample" parameterType="map">
    update t_score
    set Student_id = #{record.studentId,jdbcType=VARCHAR},
      course_id = #{record.courseId,jdbcType=VARCHAR},
      peaceTime = #{record.peacetime,jdbcType=VARCHAR},
      endTime = #{record.endtime,jdbcType=VARCHAR},
      score = #{record.score,jdbcType=VARCHAR}
    <if test="_parameter != null">
      <include refid="Update_By_Example_Where_Clause" />
    </if>
  </update>
  <update id="updateByPrimaryKeySelective" parameterType="JW.pojo.TScore">
    update t_score
    <set>
      <if test="peacetime != null">
        peaceTime = #{peacetime,jdbcType=VARCHAR},
      </if>
      <if test="endtime != null">
        endTime = #{endtime,jdbcType=VARCHAR},
      </if>
      <if test="score != null">
        score = #{score,jdbcType=VARCHAR},
      </if>
    </set>
    where Student_id = #{studentId,jdbcType=VARCHAR}
      and course_id = #{courseId,jdbcType=VARCHAR}
  </update>
  <update id="updateByPrimaryKey" parameterType="JW.pojo.TScore">
    update t_score
    set peaceTime = #{peacetime,jdbcType=VARCHAR},
      endTime = #{endtime,jdbcType=VARCHAR},
      score = #{score,jdbcType=VARCHAR}
    where Student_id = #{studentId,jdbcType=VARCHAR}
      and course_id = #{courseId,jdbcType=VARCHAR}
  </update>
  <resultMap id="BaseResultMap" type="JW.pojo.TScore">
    <id column="Student_id" jdbcType="VARCHAR" property="studentId" />
    <id column="course_id" jdbcType="VARCHAR" property="courseId" />
    <result column="peaceTime" jdbcType="VARCHAR" property="peacetime" />
    <result column="endTime" jdbcType="VARCHAR" property="endtime" />
    <result column="score" jdbcType="VARCHAR" property="score" />
  </resultMap>
  <sql id="Example_Where_Clause">
    <where>
      <foreach collection="oredCriteria" item="criteria" separator="or">
        <if test="criteria.valid">
          <trim prefix="(" prefixOverrides="and" suffix=")">
            <foreach collection="criteria.criteria" item="criterion">
              <choose>
                <when test="criterion.noValue">
                  and ${criterion.condition}
                </when>
                <when test="criterion.singleValue">
                  and ${criterion.condition} #{criterion.value}
                </when>
                <when test="criterion.betweenValue">
                  and ${criterion.condition} #{criterion.value} and #{criterion.secondValue}
                </when>
                <when test="criterion.listValue">
                  and ${criterion.condition}
                  <foreach close=")" collection="criterion.value" item="listItem" open="(" separator=",">
                    #{listItem}
                  </foreach>
                </when>
              </choose>
            </foreach>
          </trim>
        </if>
      </foreach>
    </where>
  </sql>
  <sql id="Update_By_Example_Where_Clause">
    <where>
      <foreach collection="example.oredCriteria" item="criteria" separator="or">
        <if test="criteria.valid">
          <trim prefix="(" prefixOverrides="and" suffix=")">
            <foreach collection="criteria.criteria" item="criterion">
              <choose>
                <when test="criterion.noValue">
                  and ${criterion.condition}
                </when>
                <when test="criterion.singleValue">
                  and ${criterion.condition} #{criterion.value}
                </when>
                <when test="criterion.betweenValue">
                  and ${criterion.condition} #{criterion.value} and #{criterion.secondValue}
                </when>
                <when test="criterion.listValue">
                  and ${criterion.condition}
                  <foreach close=")" collection="criterion.value" item="listItem" open="(" separator=",">
                    #{listItem}
                  </foreach>
                </when>
              </choose>
            </foreach>
          </trim>
        </if>
      </foreach>
    </where>
  </sql>
  <sql id="Base_Column_List">
    Student_id, course_id, peaceTime, endTime, score
  </sql>
  <select id="selectByExample" parameterType="JW.pojo.TScoreExample" resultMap="BaseResultMap">
    select
    <if test="distinct">
      distinct
    </if>
    <include refid="Base_Column_List" />
    from t_score
    <if test="_parameter != null">
      <include refid="Example_Where_Clause" />
    </if>
    <if test="orderByClause != null">
      order by ${orderByClause}
    </if>
  </select>
  <select id="selectByPrimaryKey" parameterType="JW.pojo.TScoreKey" resultMap="BaseResultMap">
    select 
    <include refid="Base_Column_List" />
    from t_score
    where Student_id = #{studentId,jdbcType=VARCHAR}
      and course_id = #{courseId,jdbcType=VARCHAR}
  </select>
  <delete id="deleteByPrimaryKey" parameterType="JW.pojo.TScoreKey">
    delete from t_score
    where Student_id = #{studentId,jdbcType=VARCHAR}
      and course_id = #{courseId,jdbcType=VARCHAR}
  </delete>
  <delete id="deleteByExample" parameterType="JW.pojo.TScoreExample">
    delete from t_score
    <if test="_parameter != null">
      <include refid="Example_Where_Clause" />
    </if>
  </delete>
  <insert id="insert" parameterType="JW.pojo.TScore">
    insert into t_score (Student_id, course_id, peaceTime, 
      endTime, score)
    values (#{studentId,jdbcType=VARCHAR}, #{courseId,jdbcType=VARCHAR}, #{peacetime,jdbcType=VARCHAR}, 
      #{endtime,jdbcType=VARCHAR}, #{score,jdbcType=VARCHAR})
  </insert>
  <insert id="insertSelective" parameterType="JW.pojo.TScore">
    insert into t_score
    <trim prefix="(" suffix=")" suffixOverrides=",">
      <if test="studentId != null">
        Student_id,
      </if>
      <if test="courseId != null">
        course_id,
      </if>
      <if test="peacetime != null">
        peaceTime,
      </if>
      <if test="endtime != null">
        endTime,
      </if>
      <if test="score != null">
        score,
      </if>
    </trim>
    <trim prefix="values (" suffix=")" suffixOverrides=",">
      <if test="studentId != null">
        #{studentId,jdbcType=VARCHAR},
      </if>
      <if test="courseId != null">
        #{courseId,jdbcType=VARCHAR},
      </if>
      <if test="peacetime != null">
        #{peacetime,jdbcType=VARCHAR},
      </if>
      <if test="endtime != null">
        #{endtime,jdbcType=VARCHAR},
      </if>
      <if test="score != null">
        #{score,jdbcType=VARCHAR},
      </if>
    </trim>
  </insert>
  <select id="countByExample" parameterType="JW.pojo.TScoreExample" resultType="java.lang.Integer">
    select count(*) from t_score
    <if test="_parameter != null">
      <include refid="Example_Where_Clause" />
    </if>
  </select>
  <update id="updateByExampleSelective" parameterType="map">
    update t_score
    <set>
      <if test="record.studentId != null">
        Student_id = #{record.studentId,jdbcType=VARCHAR},
      </if>
      <if test="record.courseId != null">
        course_id = #{record.courseId,jdbcType=VARCHAR},
      </if>
      <if test="record.peacetime != null">
        peaceTime = #{record.peacetime,jdbcType=VARCHAR},
      </if>
      <if test="record.endtime != null">
        endTime = #{record.endtime,jdbcType=VARCHAR},
      </if>
      <if test="record.score != null">
        score = #{record.score,jdbcType=VARCHAR},
      </if>
    </set>
    <if test="_parameter != null">
      <include refid="Update_By_Example_Where_Clause" />
    </if>
  </update>
  <update id="updateByExample" parameterType="map">
    update t_score
    set Student_id = #{record.studentId,jdbcType=VARCHAR},
      course_id = #{record.courseId,jdbcType=VARCHAR},
      peaceTime = #{record.peacetime,jdbcType=VARCHAR},
      endTime = #{record.endtime,jdbcType=VARCHAR},
      score = #{record.score,jdbcType=VARCHAR}
    <if test="_parameter != null">
      <include refid="Update_By_Example_Where_Clause" />
    </if>
  </update>
  <update id="updateByPrimaryKeySelective" parameterType="JW.pojo.TScore">
    update t_score
    <set>
      <if test="peacetime != null">
        peaceTime = #{peacetime,jdbcType=VARCHAR},
      </if>
      <if test="endtime != null">
        endTime = #{endtime,jdbcType=VARCHAR},
      </if>
      <if test="score != null">
        score = #{score,jdbcType=VARCHAR},
      </if>
    </set>
    where Student_id = #{studentId,jdbcType=VARCHAR}
      and course_id = #{courseId,jdbcType=VARCHAR}
  </update>
  <update id="updateByPrimaryKey" parameterType="JW.pojo.TScore">
    update t_score
    set peaceTime = #{peacetime,jdbcType=VARCHAR},
      endTime = #{endtime,jdbcType=VARCHAR},
      score = #{score,jdbcType=VARCHAR}
    where Student_id = #{studentId,jdbcType=VARCHAR}
      and course_id = #{courseId,jdbcType=VARCHAR}
  </update>
  <resultMap id="BaseResultMap" type="JW.pojo.TScore">
    <id column="Student_id" jdbcType="VARCHAR" property="studentId" />
    <id column="course_id" jdbcType="VARCHAR" property="courseId" />
    <result column="peaceTime" jdbcType="VARCHAR" property="peacetime" />
    <result column="endTime" jdbcType="VARCHAR" property="endtime" />
    <result column="score" jdbcType="VARCHAR" property="score" />
  </resultMap>
  <sql id="Example_Where_Clause">
    <where>
      <foreach collection="oredCriteria" item="criteria" separator="or">
        <if test="criteria.valid">
          <trim prefix="(" prefixOverrides="and" suffix=")">
            <foreach collection="criteria.criteria" item="criterion">
              <choose>
                <when test="criterion.noValue">
                  and ${criterion.condition}
                </when>
                <when test="criterion.singleValue">
                  and ${criterion.condition} #{criterion.value}
                </when>
                <when test="criterion.betweenValue">
                  and ${criterion.condition} #{criterion.value} and #{criterion.secondValue}
                </when>
                <when test="criterion.listValue">
                  and ${criterion.condition}
                  <foreach close=")" collection="criterion.value" item="listItem" open="(" separator=",">
                    #{listItem}
                  </foreach>
                </when>
              </choose>
            </foreach>
          </trim>
        </if>
      </foreach>
    </where>
  </sql>
  <sql id="Update_By_Example_Where_Clause">
    <where>
      <foreach collection="example.oredCriteria" item="criteria" separator="or">
        <if test="criteria.valid">
          <trim prefix="(" prefixOverrides="and" suffix=")">
            <foreach collection="criteria.criteria" item="criterion">
              <choose>
                <when test="criterion.noValue">
                  and ${criterion.condition}
                </when>
                <when test="criterion.singleValue">
                  and ${criterion.condition} #{criterion.value}
                </when>
                <when test="criterion.betweenValue">
                  and ${criterion.condition} #{criterion.value} and #{criterion.secondValue}
                </when>
                <when test="criterion.listValue">
                  and ${criterion.condition}
                  <foreach close=")" collection="criterion.value" item="listItem" open="(" separator=",">
                    #{listItem}
                  </foreach>
                </when>
              </choose>
            </foreach>
          </trim>
        </if>
      </foreach>
    </where>
  </sql>
  <sql id="Base_Column_List">
    Student_id, course_id, peaceTime, endTime, score
  </sql>
  <select id="selectByExample" parameterType="JW.pojo.TScoreExample" resultMap="BaseResultMap">
    select
    <if test="distinct">
      distinct
    </if>
    <include refid="Base_Column_List" />
    from t_score
    <if test="_parameter != null">
      <include refid="Example_Where_Clause" />
    </if>
    <if test="orderByClause != null">
      order by ${orderByClause}
    </if>
  </select>
  <select id="selectByPrimaryKey" parameterType="JW.pojo.TScoreKey" resultMap="BaseResultMap">
    select 
    <include refid="Base_Column_List" />
    from t_score
    where Student_id = #{studentId,jdbcType=VARCHAR}
      and course_id = #{courseId,jdbcType=VARCHAR}
  </select>
  <delete id="deleteByPrimaryKey" parameterType="JW.pojo.TScoreKey">
    delete from t_score
    where Student_id = #{studentId,jdbcType=VARCHAR}
      and course_id = #{courseId,jdbcType=VARCHAR}
  </delete>
  <delete id="deleteByExample" parameterType="JW.pojo.TScoreExample">
    delete from t_score
    <if test="_parameter != null">
      <include refid="Example_Where_Clause" />
    </if>
  </delete>
  <insert id="insert" parameterType="JW.pojo.TScore">
    insert into t_score (Student_id, course_id, peaceTime, 
      endTime, score)
    values (#{studentId,jdbcType=VARCHAR}, #{courseId,jdbcType=VARCHAR}, #{peacetime,jdbcType=VARCHAR}, 
      #{endtime,jdbcType=VARCHAR}, #{score,jdbcType=VARCHAR})
  </insert>
  <insert id="insertSelective" parameterType="JW.pojo.TScore">
    insert into t_score
    <trim prefix="(" suffix=")" suffixOverrides=",">
      <if test="studentId != null">
        Student_id,
      </if>
      <if test="courseId != null">
        course_id,
      </if>
      <if test="peacetime != null">
        peaceTime,
      </if>
      <if test="endtime != null">
        endTime,
      </if>
      <if test="score != null">
        score,
      </if>
    </trim>
    <trim prefix="values (" suffix=")" suffixOverrides=",">
      <if test="studentId != null">
        #{studentId,jdbcType=VARCHAR},
      </if>
      <if test="courseId != null">
        #{courseId,jdbcType=VARCHAR},
      </if>
      <if test="peacetime != null">
        #{peacetime,jdbcType=VARCHAR},
      </if>
      <if test="endtime != null">
        #{endtime,jdbcType=VARCHAR},
      </if>
      <if test="score != null">
        #{score,jdbcType=VARCHAR},
      </if>
    </trim>
  </insert>
  <select id="countByExample" parameterType="JW.pojo.TScoreExample" resultType="java.lang.Integer">
    select count(*) from t_score
    <if test="_parameter != null">
      <include refid="Example_Where_Clause" />
    </if>
  </select>
  <update id="updateByExampleSelective" parameterType="map">
    update t_score
    <set>
      <if test="record.studentId != null">
        Student_id = #{record.studentId,jdbcType=VARCHAR},
      </if>
      <if test="record.courseId != null">
        course_id = #{record.courseId,jdbcType=VARCHAR},
      </if>
      <if test="record.peacetime != null">
        peaceTime = #{record.peacetime,jdbcType=VARCHAR},
      </if>
      <if test="record.endtime != null">
        endTime = #{record.endtime,jdbcType=VARCHAR},
      </if>
      <if test="record.score != null">
        score = #{record.score,jdbcType=VARCHAR},
      </if>
    </set>
    <if test="_parameter != null">
      <include refid="Update_By_Example_Where_Clause" />
    </if>
  </update>
  <update id="updateByExample" parameterType="map">
    update t_score
    set Student_id = #{record.studentId,jdbcType=VARCHAR},
      course_id = #{record.courseId,jdbcType=VARCHAR},
      peaceTime = #{record.peacetime,jdbcType=VARCHAR},
      endTime = #{record.endtime,jdbcType=VARCHAR},
      score = #{record.score,jdbcType=VARCHAR}
    <if test="_parameter != null">
      <include refid="Update_By_Example_Where_Clause" />
    </if>
  </update>
  <update id="updateByPrimaryKeySelective" parameterType="JW.pojo.TScore">
    update t_score
    <set>
      <if test="peacetime != null">
        peaceTime = #{peacetime,jdbcType=VARCHAR},
      </if>
      <if test="endtime != null">
        endTime = #{endtime,jdbcType=VARCHAR},
      </if>
      <if test="score != null">
        score = #{score,jdbcType=VARCHAR},
      </if>
    </set>
    where Student_id = #{studentId,jdbcType=VARCHAR}
      and course_id = #{courseId,jdbcType=VARCHAR}
  </update>
  <update id="updateByPrimaryKey" parameterType="JW.pojo.TScore">
    update t_score
    set peaceTime = #{peacetime,jdbcType=VARCHAR},
      endTime = #{endtime,jdbcType=VARCHAR},
      score = #{score,jdbcType=VARCHAR}
    where Student_id = #{studentId,jdbcType=VARCHAR}
      and course_id = #{courseId,jdbcType=VARCHAR}
  </update>
</mapper>