<?xml version="1.0" encoding="UTF-8"?>
<!DOCTYPE mapper PUBLIC "-//mybatis.org//DTD Mapper 3.0//EN" "http://mybatis.org/dtd/mybatis-3-mapper.dtd">
<mapper namespace="JW.mapper.TStudentMapper">
  <resultMap id="BaseResultMap" type="JW.pojo.TStudent">
    <id column="sid" jdbcType="VARCHAR" property="sid" />
    <result column="password" jdbcType="VARCHAR" property="password" />
    <result column="sname" jdbcType="VARCHAR" property="sname" />
    <result column="sex" jdbcType="VARCHAR" property="sex" />
    <result column="scity" jdbcType="VARCHAR" property="scity" />
    <result column="qx" jdbcType="VARCHAR" property="qx" />
    <result column="classes_id" jdbcType="VARCHAR" property="classesId" />
    <result column="absent" jdbcType="INTEGER" property="absent" />
  </resultMap>
  <sql id="Example_Where_Clause">
    <where>
      <foreach collection="oredCriteria" item="criteria" separator="or">
        <if test="criteria.valid">
          <trim prefix="(" prefixOverrides="and" suffix=")">
            <foreach collection="criteria.criteria" item="criterion">
              <choose>
                <when test="criterion.noValue">
                  and ${criterion.condition}
                </when>
                <when test="criterion.singleValue">
                  and ${criterion.condition} #{criterion.value}
                </when>
                <when test="criterion.betweenValue">
                  and ${criterion.condition} #{criterion.value} and #{criterion.secondValue}
                </when>
                <when test="criterion.listValue">
                  and ${criterion.condition}
                  <foreach close=")" collection="criterion.value" item="listItem" open="(" separator=",">
                    #{listItem}
                  </foreach>
                </when>
              </choose>
            </foreach>
          </trim>
        </if>
      </foreach>
    </where>
  </sql>
  <sql id="Update_By_Example_Where_Clause">
    <where>
      <foreach collection="example.oredCriteria" item="criteria" separator="or">
        <if test="criteria.valid">
          <trim prefix="(" prefixOverrides="and" suffix=")">
            <foreach collection="criteria.criteria" item="criterion">
              <choose>
                <when test="criterion.noValue">
                  and ${criterion.condition}
                </when>
                <when test="criterion.singleValue">
                  and ${criterion.condition} #{criterion.value}
                </when>
                <when test="criterion.betweenValue">
                  and ${criterion.condition} #{criterion.value} and #{criterion.secondValue}
                </when>
                <when test="criterion.listValue">
                  and ${criterion.condition}
                  <foreach close=")" collection="criterion.value" item="listItem" open="(" separator=",">
                    #{listItem}
                  </foreach>
                </when>
              </choose>
            </foreach>
          </trim>
        </if>
      </foreach>
    </where>
  </sql>
  <sql id="Base_Column_List">
    sid, password, sname, sex, scity, qx, classes_id, absent
  </sql>
  <select id="selectByExample" parameterType="JW.pojo.TStudentExample" resultMap="BaseResultMap">
    select
    <if test="distinct">
      distinct
    </if>
    <include refid="Base_Column_List" />
    from t_student
    <if test="_parameter != null">
      <include refid="Example_Where_Clause" />
    </if>
    <if test="orderByClause != null">
      order by ${orderByClause}
    </if>
  </select>
  <select id="selectByPrimaryKey" parameterType="java.lang.String" resultMap="BaseResultMap">
    select 
    <include refid="Base_Column_List" />
    from t_student
    where sid = #{sid,jdbcType=VARCHAR}
  </select>
  <delete id="deleteByPrimaryKey" parameterType="java.lang.String">
    delete from t_student
    where sid = #{sid,jdbcType=VARCHAR}
  </delete>
  <delete id="deleteByExample" parameterType="JW.pojo.TStudentExample">
    delete from t_student
    <if test="_parameter != null">
      <include refid="Example_Where_Clause" />
    </if>
  </delete>
  <insert id="insert" parameterType="JW.pojo.TStudent">
    insert into t_student (sid, password, sname, 
      sex, scity, qx, classes_id, 
      absent)
    values (#{sid,jdbcType=VARCHAR}, #{password,jdbcType=VARCHAR}, #{sname,jdbcType=VARCHAR}, 
      #{sex,jdbcType=VARCHAR}, #{scity,jdbcType=VARCHAR}, #{qx,jdbcType=VARCHAR}, #{classesId,jdbcType=VARCHAR}, 
      #{absent,jdbcType=INTEGER})
  </insert>
  <insert id="insertSelective" parameterType="JW.pojo.TStudent">
    insert into t_student
    <trim prefix="(" suffix=")" suffixOverrides=",">
      <if test="sid != null">
        sid,
      </if>
      <if test="password != null">
        password,
      </if>
      <if test="sname != null">
        sname,
      </if>
      <if test="sex != null">
        sex,
      </if>
      <if test="scity != null">
        scity,
      </if>
      <if test="qx != null">
        qx,
      </if>
      <if test="classesId != null">
        classes_id,
      </if>
      <if test="absent != null">
        absent,
      </if>
    </trim>
    <trim prefix="values (" suffix=")" suffixOverrides=",">
      <if test="sid != null">
        #{sid,jdbcType=VARCHAR},
      </if>
      <if test="password != null">
        #{password,jdbcType=VARCHAR},
      </if>
      <if test="sname != null">
        #{sname,jdbcType=VARCHAR},
      </if>
      <if test="sex != null">
        #{sex,jdbcType=VARCHAR},
      </if>
      <if test="scity != null">
        #{scity,jdbcType=VARCHAR},
      </if>
      <if test="qx != null">
        #{qx,jdbcType=VARCHAR},
      </if>
      <if test="classesId != null">
        #{classesId,jdbcType=VARCHAR},
      </if>
      <if test="absent != null">
        #{absent,jdbcType=INTEGER},
      </if>
    </trim>
  </insert>
  <select id="countByExample" parameterType="JW.pojo.TStudentExample" resultType="java.lang.Integer">
    select count(*) from t_student
    <if test="_parameter != null">
      <include refid="Example_Where_Clause" />
    </if>
  </select>
  <update id="updateByExampleSelective" parameterType="map">
    update t_student
    <set>
      <if test="record.sid != null">
        sid = #{record.sid,jdbcType=VARCHAR},
      </if>
      <if test="record.password != null">
        password = #{record.password,jdbcType=VARCHAR},
      </if>
      <if test="record.sname != null">
        sname = #{record.sname,jdbcType=VARCHAR},
      </if>
      <if test="record.sex != null">
        sex = #{record.sex,jdbcType=VARCHAR},
      </if>
      <if test="record.scity != null">
        scity = #{record.scity,jdbcType=VARCHAR},
      </if>
      <if test="record.qx != null">
        qx = #{record.qx,jdbcType=VARCHAR},
      </if>
      <if test="record.classesId != null">
        classes_id = #{record.classesId,jdbcType=VARCHAR},
      </if>
      <if test="record.absent != null">
        absent = #{record.absent,jdbcType=INTEGER},
      </if>
    </set>
    <if test="_parameter != null">
      <include refid="Update_By_Example_Where_Clause" />
    </if>
  </update>
  <update id="updateByExample" parameterType="map">
    update t_student
    set sid = #{record.sid,jdbcType=VARCHAR},
      password = #{record.password,jdbcType=VARCHAR},
      sname = #{record.sname,jdbcType=VARCHAR},
      sex = #{record.sex,jdbcType=VARCHAR},
      scity = #{record.scity,jdbcType=VARCHAR},
      qx = #{record.qx,jdbcType=VARCHAR},
      classes_id = #{record.classesId,jdbcType=VARCHAR},
      absent = #{record.absent,jdbcType=INTEGER}
    <if test="_parameter != null">
      <include refid="Update_By_Example_Where_Clause" />
    </if>
  </update>
  <update id="updateByPrimaryKeySelective" parameterType="JW.pojo.TStudent">
    update t_student
    <set>
      <if test="password != null">
        password = #{password,jdbcType=VARCHAR},
      </if>
      <if test="sname != null">
        sname = #{sname,jdbcType=VARCHAR},
      </if>
      <if test="sex != null">
        sex = #{sex,jdbcType=VARCHAR},
      </if>
      <if test="scity != null">
        scity = #{scity,jdbcType=VARCHAR},
      </if>
      <if test="qx != null">
        qx = #{qx,jdbcType=VARCHAR},
      </if>
      <if test="classesId != null">
        classes_id = #{classesId,jdbcType=VARCHAR},
      </if>
      <if test="absent != null">
        absent = #{absent,jdbcType=INTEGER},
      </if>
    </set>
    where sid = #{sid,jdbcType=VARCHAR}
  </update>
  <update id="updateByPrimaryKey" parameterType="JW.pojo.TStudent">
    update t_student
    set password = #{password,jdbcType=VARCHAR},
      sname = #{sname,jdbcType=VARCHAR},
      sex = #{sex,jdbcType=VARCHAR},
      scity = #{scity,jdbcType=VARCHAR},
      qx = #{qx,jdbcType=VARCHAR},
      classes_id = #{classesId,jdbcType=VARCHAR},
      absent = #{absent,jdbcType=INTEGER}
    where sid = #{sid,jdbcType=VARCHAR}
  </update>
  <resultMap id="BaseResultMap" type="JW.pojo.TStudent">
    <id column="sid" jdbcType="VARCHAR" property="sid" />
    <result column="password" jdbcType="VARCHAR" property="password" />
    <result column="sname" jdbcType="VARCHAR" property="sname" />
    <result column="sex" jdbcType="VARCHAR" property="sex" />
    <result column="scity" jdbcType="VARCHAR" property="scity" />
    <result column="qx" jdbcType="VARCHAR" property="qx" />
    <result column="classes_id" jdbcType="VARCHAR" property="classesId" />
    <result column="absent" jdbcType="INTEGER" property="absent" />
  </resultMap>
  <sql id="Example_Where_Clause">
    <where>
      <foreach collection="oredCriteria" item="criteria" separator="or">
        <if test="criteria.valid">
          <trim prefix="(" prefixOverrides="and" suffix=")">
            <foreach collection="criteria.criteria" item="criterion">
              <choose>
                <when test="criterion.noValue">
                  and ${criterion.condition}
                </when>
                <when test="criterion.singleValue">
                  and ${criterion.condition} #{criterion.value}
                </when>
                <when test="criterion.betweenValue">
                  and ${criterion.condition} #{criterion.value} and #{criterion.secondValue}
                </when>
                <when test="criterion.listValue">
                  and ${criterion.condition}
                  <foreach close=")" collection="criterion.value" item="listItem" open="(" separator=",">
                    #{listItem}
                  </foreach>
                </when>
              </choose>
            </foreach>
          </trim>
        </if>
      </foreach>
    </where>
  </sql>
  <sql id="Update_By_Example_Where_Clause">
    <where>
      <foreach collection="example.oredCriteria" item="criteria" separator="or">
        <if test="criteria.valid">
          <trim prefix="(" prefixOverrides="and" suffix=")">
            <foreach collection="criteria.criteria" item="criterion">
              <choose>
                <when test="criterion.noValue">
                  and ${criterion.condition}
                </when>
                <when test="criterion.singleValue">
                  and ${criterion.condition} #{criterion.value}
                </when>
                <when test="criterion.betweenValue">
                  and ${criterion.condition} #{criterion.value} and #{criterion.secondValue}
                </when>
                <when test="criterion.listValue">
                  and ${criterion.condition}
                  <foreach close=")" collection="criterion.value" item="listItem" open="(" separator=",">
                    #{listItem}
                  </foreach>
                </when>
              </choose>
            </foreach>
          </trim>
        </if>
      </foreach>
    </where>
  </sql>
  <sql id="Base_Column_List">
    sid, password, sname, sex, scity, qx, classes_id, absent
  </sql>
  <select id="selectByExample" parameterType="JW.pojo.TStudentExample" resultMap="BaseResultMap">
    select
    <if test="distinct">
      distinct
    </if>
    <include refid="Base_Column_List" />
    from t_student
    <if test="_parameter != null">
      <include refid="Example_Where_Clause" />
    </if>
    <if test="orderByClause != null">
      order by ${orderByClause}
    </if>
  </select>
  <select id="selectByPrimaryKey" parameterType="java.lang.String" resultMap="BaseResultMap">
    select 
    <include refid="Base_Column_List" />
    from t_student
    where sid = #{sid,jdbcType=VARCHAR}
  </select>
  <delete id="deleteByPrimaryKey" parameterType="java.lang.String">
    delete from t_student
    where sid = #{sid,jdbcType=VARCHAR}
  </delete>
  <delete id="deleteByExample" parameterType="JW.pojo.TStudentExample">
    delete from t_student
    <if test="_parameter != null">
      <include refid="Example_Where_Clause" />
    </if>
  </delete>
  <insert id="insert" parameterType="JW.pojo.TStudent">
    insert into t_student (sid, password, sname, 
      sex, scity, qx, classes_id, 
      absent)
    values (#{sid,jdbcType=VARCHAR}, #{password,jdbcType=VARCHAR}, #{sname,jdbcType=VARCHAR}, 
      #{sex,jdbcType=VARCHAR}, #{scity,jdbcType=VARCHAR}, #{qx,jdbcType=VARCHAR}, #{classesId,jdbcType=VARCHAR}, 
      #{absent,jdbcType=INTEGER})
  </insert>
  <insert id="insertSelective" parameterType="JW.pojo.TStudent">
    insert into t_student
    <trim prefix="(" suffix=")" suffixOverrides=",">
      <if test="sid != null">
        sid,
      </if>
      <if test="password != null">
        password,
      </if>
      <if test="sname != null">
        sname,
      </if>
      <if test="sex != null">
        sex,
      </if>
      <if test="scity != null">
        scity,
      </if>
      <if test="qx != null">
        qx,
      </if>
      <if test="classesId != null">
        classes_id,
      </if>
      <if test="absent != null">
        absent,
      </if>
    </trim>
    <trim prefix="values (" suffix=")" suffixOverrides=",">
      <if test="sid != null">
        #{sid,jdbcType=VARCHAR},
      </if>
      <if test="password != null">
        #{password,jdbcType=VARCHAR},
      </if>
      <if test="sname != null">
        #{sname,jdbcType=VARCHAR},
      </if>
      <if test="sex != null">
        #{sex,jdbcType=VARCHAR},
      </if>
      <if test="scity != null">
        #{scity,jdbcType=VARCHAR},
      </if>
      <if test="qx != null">
        #{qx,jdbcType=VARCHAR},
      </if>
      <if test="classesId != null">
        #{classesId,jdbcType=VARCHAR},
      </if>
      <if test="absent != null">
        #{absent,jdbcType=INTEGER},
      </if>
    </trim>
  </insert>
  <select id="countByExample" parameterType="JW.pojo.TStudentExample" resultType="java.lang.Integer">
    select count(*) from t_student
    <if test="_parameter != null">
      <include refid="Example_Where_Clause" />
    </if>
  </select>
  <update id="updateByExampleSelective" parameterType="map">
    update t_student
    <set>
      <if test="record.sid != null">
        sid = #{record.sid,jdbcType=VARCHAR},
      </if>
      <if test="record.password != null">
        password = #{record.password,jdbcType=VARCHAR},
      </if>
      <if test="record.sname != null">
        sname = #{record.sname,jdbcType=VARCHAR},
      </if>
      <if test="record.sex != null">
        sex = #{record.sex,jdbcType=VARCHAR},
      </if>
      <if test="record.scity != null">
        scity = #{record.scity,jdbcType=VARCHAR},
      </if>
      <if test="record.qx != null">
        qx = #{record.qx,jdbcType=VARCHAR},
      </if>
      <if test="record.classesId != null">
        classes_id = #{record.classesId,jdbcType=VARCHAR},
      </if>
      <if test="record.absent != null">
        absent = #{record.absent,jdbcType=INTEGER},
      </if>
    </set>
    <if test="_parameter != null">
      <include refid="Update_By_Example_Where_Clause" />
    </if>
  </update>
  <update id="updateByExample" parameterType="map">
    update t_student
    set sid = #{record.sid,jdbcType=VARCHAR},
      password = #{record.password,jdbcType=VARCHAR},
      sname = #{record.sname,jdbcType=VARCHAR},
      sex = #{record.sex,jdbcType=VARCHAR},
      scity = #{record.scity,jdbcType=VARCHAR},
      qx = #{record.qx,jdbcType=VARCHAR},
      classes_id = #{record.classesId,jdbcType=VARCHAR},
      absent = #{record.absent,jdbcType=INTEGER}
    <if test="_parameter != null">
      <include refid="Update_By_Example_Where_Clause" />
    </if>
  </update>
  <update id="updateByPrimaryKeySelective" parameterType="JW.pojo.TStudent">
    update t_student
    <set>
      <if test="password != null">
        password = #{password,jdbcType=VARCHAR},
      </if>
      <if test="sname != null">
        sname = #{sname,jdbcType=VARCHAR},
      </if>
      <if test="sex != null">
        sex = #{sex,jdbcType=VARCHAR},
      </if>
      <if test="scity != null">
        scity = #{scity,jdbcType=VARCHAR},
      </if>
      <if test="qx != null">
        qx = #{qx,jdbcType=VARCHAR},
      </if>
      <if test="classesId != null">
        classes_id = #{classesId,jdbcType=VARCHAR},
      </if>
      <if test="absent != null">
        absent = #{absent,jdbcType=INTEGER},
      </if>
    </set>
    where sid = #{sid,jdbcType=VARCHAR}
  </update>
  <update id="updateByPrimaryKey" parameterType="JW.pojo.TStudent">
    update t_student
    set password = #{password,jdbcType=VARCHAR},
      sname = #{sname,jdbcType=VARCHAR},
      sex = #{sex,jdbcType=VARCHAR},
      scity = #{scity,jdbcType=VARCHAR},
      qx = #{qx,jdbcType=VARCHAR},
      classes_id = #{classesId,jdbcType=VARCHAR},
      absent = #{absent,jdbcType=INTEGER}
    where sid = #{sid,jdbcType=VARCHAR}
  </update>
  <resultMap id="BaseResultMap" type="JW.pojo.TStudent">
    <id column="sid" jdbcType="VARCHAR" property="sid" />
    <result column="password" jdbcType="VARCHAR" property="password" />
    <result column="sname" jdbcType="VARCHAR" property="sname" />
    <result column="sex" jdbcType="VARCHAR" property="sex" />
    <result column="scity" jdbcType="VARCHAR" property="scity" />
    <result column="qx" jdbcType="VARCHAR" property="qx" />
    <result column="classes_id" jdbcType="VARCHAR" property="classesId" />
    <result column="absent" jdbcType="INTEGER" property="absent" />
  </resultMap>
  <sql id="Example_Where_Clause">
    <where>
      <foreach collection="oredCriteria" item="criteria" separator="or">
        <if test="criteria.valid">
          <trim prefix="(" prefixOverrides="and" suffix=")">
            <foreach collection="criteria.criteria" item="criterion">
              <choose>
                <when test="criterion.noValue">
                  and ${criterion.condition}
                </when>
                <when test="criterion.singleValue">
                  and ${criterion.condition} #{criterion.value}
                </when>
                <when test="criterion.betweenValue">
                  and ${criterion.condition} #{criterion.value} and #{criterion.secondValue}
                </when>
                <when test="criterion.listValue">
                  and ${criterion.condition}
                  <foreach close=")" collection="criterion.value" item="listItem" open="(" separator=",">
                    #{listItem}
                  </foreach>
                </when>
              </choose>
            </foreach>
          </trim>
        </if>
      </foreach>
    </where>
  </sql>
  <sql id="Update_By_Example_Where_Clause">
    <where>
      <foreach collection="example.oredCriteria" item="criteria" separator="or">
        <if test="criteria.valid">
          <trim prefix="(" prefixOverrides="and" suffix=")">
            <foreach collection="criteria.criteria" item="criterion">
              <choose>
                <when test="criterion.noValue">
                  and ${criterion.condition}
                </when>
                <when test="criterion.singleValue">
                  and ${criterion.condition} #{criterion.value}
                </when>
                <when test="criterion.betweenValue">
                  and ${criterion.condition} #{criterion.value} and #{criterion.secondValue}
                </when>
                <when test="criterion.listValue">
                  and ${criterion.condition}
                  <foreach close=")" collection="criterion.value" item="listItem" open="(" separator=",">
                    #{listItem}
                  </foreach>
                </when>
              </choose>
            </foreach>
          </trim>
        </if>
      </foreach>
    </where>
  </sql>
  <sql id="Base_Column_List">
    sid, password, sname, sex, scity, qx, classes_id, absent
  </sql>
  <select id="selectByExample" parameterType="JW.pojo.TStudentExample" resultMap="BaseResultMap">
    select
    <if test="distinct">
      distinct
    </if>
    <include refid="Base_Column_List" />
    from t_student
    <if test="_parameter != null">
      <include refid="Example_Where_Clause" />
    </if>
    <if test="orderByClause != null">
      order by ${orderByClause}
    </if>
  </select>
  <select id="selectByPrimaryKey" parameterType="java.lang.String" resultMap="BaseResultMap">
    select 
    <include refid="Base_Column_List" />
    from t_student
    where sid = #{sid,jdbcType=VARCHAR}
  </select>
  <delete id="deleteByPrimaryKey" parameterType="java.lang.String">
    delete from t_student
    where sid = #{sid,jdbcType=VARCHAR}
  </delete>
  <delete id="deleteByExample" parameterType="JW.pojo.TStudentExample">
    delete from t_student
    <if test="_parameter != null">
      <include refid="Example_Where_Clause" />
    </if>
  </delete>
  <insert id="insert" parameterType="JW.pojo.TStudent">
    insert into t_student (sid, password, sname, 
      sex, scity, qx, classes_id, 
      absent)
    values (#{sid,jdbcType=VARCHAR}, #{password,jdbcType=VARCHAR}, #{sname,jdbcType=VARCHAR}, 
      #{sex,jdbcType=VARCHAR}, #{scity,jdbcType=VARCHAR}, #{qx,jdbcType=VARCHAR}, #{classesId,jdbcType=VARCHAR}, 
      #{absent,jdbcType=INTEGER})
  </insert>
  <insert id="insertSelective" parameterType="JW.pojo.TStudent">
    insert into t_student
    <trim prefix="(" suffix=")" suffixOverrides=",">
      <if test="sid != null">
        sid,
      </if>
      <if test="password != null">
        password,
      </if>
      <if test="sname != null">
        sname,
      </if>
      <if test="sex != null">
        sex,
      </if>
      <if test="scity != null">
        scity,
      </if>
      <if test="qx != null">
        qx,
      </if>
      <if test="classesId != null">
        classes_id,
      </if>
      <if test="absent != null">
        absent,
      </if>
    </trim>
    <trim prefix="values (" suffix=")" suffixOverrides=",">
      <if test="sid != null">
        #{sid,jdbcType=VARCHAR},
      </if>
      <if test="password != null">
        #{password,jdbcType=VARCHAR},
      </if>
      <if test="sname != null">
        #{sname,jdbcType=VARCHAR},
      </if>
      <if test="sex != null">
        #{sex,jdbcType=VARCHAR},
      </if>
      <if test="scity != null">
        #{scity,jdbcType=VARCHAR},
      </if>
      <if test="qx != null">
        #{qx,jdbcType=VARCHAR},
      </if>
      <if test="classesId != null">
        #{classesId,jdbcType=VARCHAR},
      </if>
      <if test="absent != null">
        #{absent,jdbcType=INTEGER},
      </if>
    </trim>
  </insert>
  <select id="countByExample" parameterType="JW.pojo.TStudentExample" resultType="java.lang.Integer">
    select count(*) from t_student
    <if test="_parameter != null">
      <include refid="Example_Where_Clause" />
    </if>
  </select>
  <update id="updateByExampleSelective" parameterType="map">
    update t_student
    <set>
      <if test="record.sid != null">
        sid = #{record.sid,jdbcType=VARCHAR},
      </if>
      <if test="record.password != null">
        password = #{record.password,jdbcType=VARCHAR},
      </if>
      <if test="record.sname != null">
        sname = #{record.sname,jdbcType=VARCHAR},
      </if>
      <if test="record.sex != null">
        sex = #{record.sex,jdbcType=VARCHAR},
      </if>
      <if test="record.scity != null">
        scity = #{record.scity,jdbcType=VARCHAR},
      </if>
      <if test="record.qx != null">
        qx = #{record.qx,jdbcType=VARCHAR},
      </if>
      <if test="record.classesId != null">
        classes_id = #{record.classesId,jdbcType=VARCHAR},
      </if>
      <if test="record.absent != null">
        absent = #{record.absent,jdbcType=INTEGER},
      </if>
    </set>
    <if test="_parameter != null">
      <include refid="Update_By_Example_Where_Clause" />
    </if>
  </update>
  <update id="updateByExample" parameterType="map">
    update t_student
    set sid = #{record.sid,jdbcType=VARCHAR},
      password = #{record.password,jdbcType=VARCHAR},
      sname = #{record.sname,jdbcType=VARCHAR},
      sex = #{record.sex,jdbcType=VARCHAR},
      scity = #{record.scity,jdbcType=VARCHAR},
      qx = #{record.qx,jdbcType=VARCHAR},
      classes_id = #{record.classesId,jdbcType=VARCHAR},
      absent = #{record.absent,jdbcType=INTEGER}
    <if test="_parameter != null">
      <include refid="Update_By_Example_Where_Clause" />
    </if>
  </update>
  <update id="updateByPrimaryKeySelective" parameterType="JW.pojo.TStudent">
    update t_student
    <set>
      <if test="password != null">
        password = #{password,jdbcType=VARCHAR},
      </if>
      <if test="sname != null">
        sname = #{sname,jdbcType=VARCHAR},
      </if>
      <if test="sex != null">
        sex = #{sex,jdbcType=VARCHAR},
      </if>
      <if test="scity != null">
        scity = #{scity,jdbcType=VARCHAR},
      </if>
      <if test="qx != null">
        qx = #{qx,jdbcType=VARCHAR},
      </if>
      <if test="classesId != null">
        classes_id = #{classesId,jdbcType=VARCHAR},
      </if>
      <if test="absent != null">
        absent = #{absent,jdbcType=INTEGER},
      </if>
    </set>
    where sid = #{sid,jdbcType=VARCHAR}
  </update>
  <update id="updateByPrimaryKey" parameterType="JW.pojo.TStudent">
    update t_student
    set password = #{password,jdbcType=VARCHAR},
      sname = #{sname,jdbcType=VARCHAR},
      sex = #{sex,jdbcType=VARCHAR},
      scity = #{scity,jdbcType=VARCHAR},
      qx = #{qx,jdbcType=VARCHAR},
      classes_id = #{classesId,jdbcType=VARCHAR},
      absent = #{absent,jdbcType=INTEGER}
    where sid = #{sid,jdbcType=VARCHAR}
  </update>
  <resultMap id="BaseResultMap" type="JW.pojo.TStudent">
    <id column="sid" jdbcType="VARCHAR" property="sid" />
    <result column="password" jdbcType="VARCHAR" property="password" />
    <result column="sname" jdbcType="VARCHAR" property="sname" />
    <result column="sex" jdbcType="VARCHAR" property="sex" />
    <result column="scity" jdbcType="VARCHAR" property="scity" />
    <result column="qx" jdbcType="VARCHAR" property="qx" />
    <result column="classes_id" jdbcType="VARCHAR" property="classesId" />
    <result column="absent" jdbcType="INTEGER" property="absent" />
  </resultMap>
  <sql id="Example_Where_Clause">
    <where>
      <foreach collection="oredCriteria" item="criteria" separator="or">
        <if test="criteria.valid">
          <trim prefix="(" prefixOverrides="and" suffix=")">
            <foreach collection="criteria.criteria" item="criterion">
              <choose>
                <when test="criterion.noValue">
                  and ${criterion.condition}
                </when>
                <when test="criterion.singleValue">
                  and ${criterion.condition} #{criterion.value}
                </when>
                <when test="criterion.betweenValue">
                  and ${criterion.condition} #{criterion.value} and #{criterion.secondValue}
                </when>
                <when test="criterion.listValue">
                  and ${criterion.condition}
                  <foreach close=")" collection="criterion.value" item="listItem" open="(" separator=",">
                    #{listItem}
                  </foreach>
                </when>
              </choose>
            </foreach>
          </trim>
        </if>
      </foreach>
    </where>
  </sql>
  <sql id="Update_By_Example_Where_Clause">
    <where>
      <foreach collection="example.oredCriteria" item="criteria" separator="or">
        <if test="criteria.valid">
          <trim prefix="(" prefixOverrides="and" suffix=")">
            <foreach collection="criteria.criteria" item="criterion">
              <choose>
                <when test="criterion.noValue">
                  and ${criterion.condition}
                </when>
                <when test="criterion.singleValue">
                  and ${criterion.condition} #{criterion.value}
                </when>
                <when test="criterion.betweenValue">
                  and ${criterion.condition} #{criterion.value} and #{criterion.secondValue}
                </when>
                <when test="criterion.listValue">
                  and ${criterion.condition}
                  <foreach close=")" collection="criterion.value" item="listItem" open="(" separator=",">
                    #{listItem}
                  </foreach>
                </when>
              </choose>
            </foreach>
          </trim>
        </if>
      </foreach>
    </where>
  </sql>
  <sql id="Base_Column_List">
    sid, password, sname, sex, scity, qx, classes_id, absent
  </sql>
  <select id="selectByExample" parameterType="JW.pojo.TStudentExample" resultMap="BaseResultMap">
    select
    <if test="distinct">
      distinct
    </if>
    <include refid="Base_Column_List" />
    from t_student
    <if test="_parameter != null">
      <include refid="Example_Where_Clause" />
    </if>
    <if test="orderByClause != null">
      order by ${orderByClause}
    </if>
  </select>
  <select id="selectByPrimaryKey" parameterType="java.lang.String" resultMap="BaseResultMap">
    select 
    <include refid="Base_Column_List" />
    from t_student
    where sid = #{sid,jdbcType=VARCHAR}
  </select>
  <delete id="deleteByPrimaryKey" parameterType="java.lang.String">
    delete from t_student
    where sid = #{sid,jdbcType=VARCHAR}
  </delete>
  <delete id="deleteByExample" parameterType="JW.pojo.TStudentExample">
    delete from t_student
    <if test="_parameter != null">
      <include refid="Example_Where_Clause" />
    </if>
  </delete>
  <insert id="insert" parameterType="JW.pojo.TStudent">
    insert into t_student (sid, password, sname, 
      sex, scity, qx, classes_id, 
      absent)
    values (#{sid,jdbcType=VARCHAR}, #{password,jdbcType=VARCHAR}, #{sname,jdbcType=VARCHAR}, 
      #{sex,jdbcType=VARCHAR}, #{scity,jdbcType=VARCHAR}, #{qx,jdbcType=VARCHAR}, #{classesId,jdbcType=VARCHAR}, 
      #{absent,jdbcType=INTEGER})
  </insert>
  <insert id="insertSelective" parameterType="JW.pojo.TStudent">
    insert into t_student
    <trim prefix="(" suffix=")" suffixOverrides=",">
      <if test="sid != null">
        sid,
      </if>
      <if test="password != null">
        password,
      </if>
      <if test="sname != null">
        sname,
      </if>
      <if test="sex != null">
        sex,
      </if>
      <if test="scity != null">
        scity,
      </if>
      <if test="qx != null">
        qx,
      </if>
      <if test="classesId != null">
        classes_id,
      </if>
      <if test="absent != null">
        absent,
      </if>
    </trim>
    <trim prefix="values (" suffix=")" suffixOverrides=",">
      <if test="sid != null">
        #{sid,jdbcType=VARCHAR},
      </if>
      <if test="password != null">
        #{password,jdbcType=VARCHAR},
      </if>
      <if test="sname != null">
        #{sname,jdbcType=VARCHAR},
      </if>
      <if test="sex != null">
        #{sex,jdbcType=VARCHAR},
      </if>
      <if test="scity != null">
        #{scity,jdbcType=VARCHAR},
      </if>
      <if test="qx != null">
        #{qx,jdbcType=VARCHAR},
      </if>
      <if test="classesId != null">
        #{classesId,jdbcType=VARCHAR},
      </if>
      <if test="absent != null">
        #{absent,jdbcType=INTEGER},
      </if>
    </trim>
  </insert>
  <select id="countByExample" parameterType="JW.pojo.TStudentExample" resultType="java.lang.Integer">
    select count(*) from t_student
    <if test="_parameter != null">
      <include refid="Example_Where_Clause" />
    </if>
  </select>
  <update id="updateByExampleSelective" parameterType="map">
    update t_student
    <set>
      <if test="record.sid != null">
        sid = #{record.sid,jdbcType=VARCHAR},
      </if>
      <if test="record.password != null">
        password = #{record.password,jdbcType=VARCHAR},
      </if>
      <if test="record.sname != null">
        sname = #{record.sname,jdbcType=VARCHAR},
      </if>
      <if test="record.sex != null">
        sex = #{record.sex,jdbcType=VARCHAR},
      </if>
      <if test="record.scity != null">
        scity = #{record.scity,jdbcType=VARCHAR},
      </if>
      <if test="record.qx != null">
        qx = #{record.qx,jdbcType=VARCHAR},
      </if>
      <if test="record.classesId != null">
        classes_id = #{record.classesId,jdbcType=VARCHAR},
      </if>
      <if test="record.absent != null">
        absent = #{record.absent,jdbcType=INTEGER},
      </if>
    </set>
    <if test="_parameter != null">
      <include refid="Update_By_Example_Where_Clause" />
    </if>
  </update>
  <update id="updateByExample" parameterType="map">
    update t_student
    set sid = #{record.sid,jdbcType=VARCHAR},
      password = #{record.password,jdbcType=VARCHAR},
      sname = #{record.sname,jdbcType=VARCHAR},
      sex = #{record.sex,jdbcType=VARCHAR},
      scity = #{record.scity,jdbcType=VARCHAR},
      qx = #{record.qx,jdbcType=VARCHAR},
      classes_id = #{record.classesId,jdbcType=VARCHAR},
      absent = #{record.absent,jdbcType=INTEGER}
    <if test="_parameter != null">
      <include refid="Update_By_Example_Where_Clause" />
    </if>
  </update>
  <update id="updateByPrimaryKeySelective" parameterType="JW.pojo.TStudent">
    update t_student
    <set>
      <if test="password != null">
        password = #{password,jdbcType=VARCHAR},
      </if>
      <if test="sname != null">
        sname = #{sname,jdbcType=VARCHAR},
      </if>
      <if test="sex != null">
        sex = #{sex,jdbcType=VARCHAR},
      </if>
      <if test="scity != null">
        scity = #{scity,jdbcType=VARCHAR},
      </if>
      <if test="qx != null">
        qx = #{qx,jdbcType=VARCHAR},
      </if>
      <if test="classesId != null">
        classes_id = #{classesId,jdbcType=VARCHAR},
      </if>
      <if test="absent != null">
        absent = #{absent,jdbcType=INTEGER},
      </if>
    </set>
    where sid = #{sid,jdbcType=VARCHAR}
  </update>
  <update id="updateByPrimaryKey" parameterType="JW.pojo.TStudent">
    update t_student
    set password = #{password,jdbcType=VARCHAR},
      sname = #{sname,jdbcType=VARCHAR},
      sex = #{sex,jdbcType=VARCHAR},
      scity = #{scity,jdbcType=VARCHAR},
      qx = #{qx,jdbcType=VARCHAR},
      classes_id = #{classesId,jdbcType=VARCHAR},
      absent = #{absent,jdbcType=INTEGER}
    where sid = #{sid,jdbcType=VARCHAR}
  </update>
  <resultMap id="BaseResultMap" type="JW.pojo.TStudent">
    <id column="sid" jdbcType="VARCHAR" property="sid" />
    <result column="password" jdbcType="VARCHAR" property="password" />
    <result column="sname" jdbcType="VARCHAR" property="sname" />
    <result column="sex" jdbcType="VARCHAR" property="sex" />
    <result column="scity" jdbcType="VARCHAR" property="scity" />
    <result column="qx" jdbcType="VARCHAR" property="qx" />
    <result column="classes_id" jdbcType="VARCHAR" property="classesId" />
    <result column="absent" jdbcType="INTEGER" property="absent" />
  </resultMap>
  <sql id="Example_Where_Clause">
    <where>
      <foreach collection="oredCriteria" item="criteria" separator="or">
        <if test="criteria.valid">
          <trim prefix="(" prefixOverrides="and" suffix=")">
            <foreach collection="criteria.criteria" item="criterion">
              <choose>
                <when test="criterion.noValue">
                  and ${criterion.condition}
                </when>
                <when test="criterion.singleValue">
                  and ${criterion.condition} #{criterion.value}
                </when>
                <when test="criterion.betweenValue">
                  and ${criterion.condition} #{criterion.value} and #{criterion.secondValue}
                </when>
                <when test="criterion.listValue">
                  and ${criterion.condition}
                  <foreach close=")" collection="criterion.value" item="listItem" open="(" separator=",">
                    #{listItem}
                  </foreach>
                </when>
              </choose>
            </foreach>
          </trim>
        </if>
      </foreach>
    </where>
  </sql>
  <sql id="Update_By_Example_Where_Clause">
    <where>
      <foreach collection="example.oredCriteria" item="criteria" separator="or">
        <if test="criteria.valid">
          <trim prefix="(" prefixOverrides="and" suffix=")">
            <foreach collection="criteria.criteria" item="criterion">
              <choose>
                <when test="criterion.noValue">
                  and ${criterion.condition}
                </when>
                <when test="criterion.singleValue">
                  and ${criterion.condition} #{criterion.value}
                </when>
                <when test="criterion.betweenValue">
                  and ${criterion.condition} #{criterion.value} and #{criterion.secondValue}
                </when>
                <when test="criterion.listValue">
                  and ${criterion.condition}
                  <foreach close=")" collection="criterion.value" item="listItem" open="(" separator=",">
                    #{listItem}
                  </foreach>
                </when>
              </choose>
            </foreach>
          </trim>
        </if>
      </foreach>
    </where>
  </sql>
  <sql id="Base_Column_List">
    sid, password, sname, sex, scity, qx, classes_id, absent
  </sql>
  <select id="selectByExample" parameterType="JW.pojo.TStudentExample" resultMap="BaseResultMap">
    select
    <if test="distinct">
      distinct
    </if>
    <include refid="Base_Column_List" />
    from t_student
    <if test="_parameter != null">
      <include refid="Example_Where_Clause" />
    </if>
    <if test="orderByClause != null">
      order by ${orderByClause}
    </if>
  </select>
  <select id="selectByPrimaryKey" parameterType="java.lang.String" resultMap="BaseResultMap">
    select 
    <include refid="Base_Column_List" />
    from t_student
    where sid = #{sid,jdbcType=VARCHAR}
  </select>
  <delete id="deleteByPrimaryKey" parameterType="java.lang.String">
    delete from t_student
    where sid = #{sid,jdbcType=VARCHAR}
  </delete>
  <delete id="deleteByExample" parameterType="JW.pojo.TStudentExample">
    delete from t_student
    <if test="_parameter != null">
      <include refid="Example_Where_Clause" />
    </if>
  </delete>
  <insert id="insert" parameterType="JW.pojo.TStudent">
    insert into t_student (sid, password, sname, 
      sex, scity, qx, classes_id, 
      absent)
    values (#{sid,jdbcType=VARCHAR}, #{password,jdbcType=VARCHAR}, #{sname,jdbcType=VARCHAR}, 
      #{sex,jdbcType=VARCHAR}, #{scity,jdbcType=VARCHAR}, #{qx,jdbcType=VARCHAR}, #{classesId,jdbcType=VARCHAR}, 
      #{absent,jdbcType=INTEGER})
  </insert>
  <insert id="insertSelective" parameterType="JW.pojo.TStudent">
    insert into t_student
    <trim prefix="(" suffix=")" suffixOverrides=",">
      <if test="sid != null">
        sid,
      </if>
      <if test="password != null">
        password,
      </if>
      <if test="sname != null">
        sname,
      </if>
      <if test="sex != null">
        sex,
      </if>
      <if test="scity != null">
        scity,
      </if>
      <if test="qx != null">
        qx,
      </if>
      <if test="classesId != null">
        classes_id,
      </if>
      <if test="absent != null">
        absent,
      </if>
    </trim>
    <trim prefix="values (" suffix=")" suffixOverrides=",">
      <if test="sid != null">
        #{sid,jdbcType=VARCHAR},
      </if>
      <if test="password != null">
        #{password,jdbcType=VARCHAR},
      </if>
      <if test="sname != null">
        #{sname,jdbcType=VARCHAR},
      </if>
      <if test="sex != null">
        #{sex,jdbcType=VARCHAR},
      </if>
      <if test="scity != null">
        #{scity,jdbcType=VARCHAR},
      </if>
      <if test="qx != null">
        #{qx,jdbcType=VARCHAR},
      </if>
      <if test="classesId != null">
        #{classesId,jdbcType=VARCHAR},
      </if>
      <if test="absent != null">
        #{absent,jdbcType=INTEGER},
      </if>
    </trim>
  </insert>
  <select id="countByExample" parameterType="JW.pojo.TStudentExample" resultType="java.lang.Integer">
    select count(*) from t_student
    <if test="_parameter != null">
      <include refid="Example_Where_Clause" />
    </if>
  </select>
  <update id="updateByExampleSelective" parameterType="map">
    update t_student
    <set>
      <if test="record.sid != null">
        sid = #{record.sid,jdbcType=VARCHAR},
      </if>
      <if test="record.password != null">
        password = #{record.password,jdbcType=VARCHAR},
      </if>
      <if test="record.sname != null">
        sname = #{record.sname,jdbcType=VARCHAR},
      </if>
      <if test="record.sex != null">
        sex = #{record.sex,jdbcType=VARCHAR},
      </if>
      <if test="record.scity != null">
        scity = #{record.scity,jdbcType=VARCHAR},
      </if>
      <if test="record.qx != null">
        qx = #{record.qx,jdbcType=VARCHAR},
      </if>
      <if test="record.classesId != null">
        classes_id = #{record.classesId,jdbcType=VARCHAR},
      </if>
      <if test="record.absent != null">
        absent = #{record.absent,jdbcType=INTEGER},
      </if>
    </set>
    <if test="_parameter != null">
      <include refid="Update_By_Example_Where_Clause" />
    </if>
  </update>
  <update id="updateByExample" parameterType="map">
    update t_student
    set sid = #{record.sid,jdbcType=VARCHAR},
      password = #{record.password,jdbcType=VARCHAR},
      sname = #{record.sname,jdbcType=VARCHAR},
      sex = #{record.sex,jdbcType=VARCHAR},
      scity = #{record.scity,jdbcType=VARCHAR},
      qx = #{record.qx,jdbcType=VARCHAR},
      classes_id = #{record.classesId,jdbcType=VARCHAR},
      absent = #{record.absent,jdbcType=INTEGER}
    <if test="_parameter != null">
      <include refid="Update_By_Example_Where_Clause" />
    </if>
  </update>
  <update id="updateByPrimaryKeySelective" parameterType="JW.pojo.TStudent">
    update t_student
    <set>
      <if test="password != null">
        password = #{password,jdbcType=VARCHAR},
      </if>
      <if test="sname != null">
        sname = #{sname,jdbcType=VARCHAR},
      </if>
      <if test="sex != null">
        sex = #{sex,jdbcType=VARCHAR},
      </if>
      <if test="scity != null">
        scity = #{scity,jdbcType=VARCHAR},
      </if>
      <if test="qx != null">
        qx = #{qx,jdbcType=VARCHAR},
      </if>
      <if test="classesId != null">
        classes_id = #{classesId,jdbcType=VARCHAR},
      </if>
      <if test="absent != null">
        absent = #{absent,jdbcType=INTEGER},
      </if>
    </set>
    where sid = #{sid,jdbcType=VARCHAR}
  </update>
  <update id="updateByPrimaryKey" parameterType="JW.pojo.TStudent">
    update t_student
    set password = #{password,jdbcType=VARCHAR},
      sname = #{sname,jdbcType=VARCHAR},
      sex = #{sex,jdbcType=VARCHAR},
      scity = #{scity,jdbcType=VARCHAR},
      qx = #{qx,jdbcType=VARCHAR},
      classes_id = #{classesId,jdbcType=VARCHAR},
      absent = #{absent,jdbcType=INTEGER}
    where sid = #{sid,jdbcType=VARCHAR}
  </update>
</mapper>