<?xml version="1.0" encoding="UTF-8" ?>
<!DOCTYPE mapper PUBLIC "-//mybatis.org//DTD Mapper 3.0//EN" "http://mybatis.org/dtd/mybatis-3-mapper.dtd" >
<mapper namespace="JW.mapper.TUserMapper" >
  <resultMap id="BaseResultMap" type="JW.pojo.TUser" >
    <id column="id" property="id" jdbcType="VARCHAR" />
    <result column="username" property="username" jdbcType="VARCHAR" />
    <result column="password" property="password" jdbcType="VARCHAR" />
    <result column="salary" property="salary" jdbcType="DOUBLE" />
    <result column="birthday" property="birthday" jdbcType="DATE" />
    <result column="gender" property="gender" jdbcType="VARCHAR" />
    <result column="station" property="station" jdbcType="VARCHAR" />
    <result column="telephone" property="telephone" jdbcType="VARCHAR" />
    <result column="remark" property="remark" jdbcType="VARCHAR" />
    <result column="qx" property="qx" jdbcType="VARCHAR" />
  </resultMap>
  <sql id="Example_Where_Clause" >
    <where >
      <foreach collection="oredCriteria" item="criteria" separator="or" >
        <if test="criteria.valid" >
          <trim prefix="(" suffix=")" prefixOverrides="and" >
            <foreach collection="criteria.criteria" item="criterion" >
              <choose >
                <when test="criterion.noValue" >
                  and ${criterion.condition}
                </when>
                <when test="criterion.singleValue" >
                  and ${criterion.condition} #{criterion.value}
                </when>
                <when test="criterion.betweenValue" >
                  and ${criterion.condition} #{criterion.value} and #{criterion.secondValue}
                </when>
                <when test="criterion.listValue" >
                  and ${criterion.condition}
                  <foreach collection="criterion.value" item="listItem" open="(" close=")" separator="," >
                    #{listItem}
                  </foreach>
                </when>
              </choose>
            </foreach>
          </trim>
        </if>
      </foreach>
    </where>
  </sql>
  <sql id="Update_By_Example_Where_Clause" >
    <where >
      <foreach collection="example.oredCriteria" item="criteria" separator="or" >
        <if test="criteria.valid" >
          <trim prefix="(" suffix=")" prefixOverrides="and" >
            <foreach collection="criteria.criteria" item="criterion" >
              <choose >
                <when test="criterion.noValue" >
                  and ${criterion.condition}
                </when>
                <when test="criterion.singleValue" >
                  and ${criterion.condition} #{criterion.value}
                </when>
                <when test="criterion.betweenValue" >
                  and ${criterion.condition} #{criterion.value} and #{criterion.secondValue}
                </when>
                <when test="criterion.listValue" >
                  and ${criterion.condition}
                  <foreach collection="criterion.value" item="listItem" open="(" close=")" separator="," >
                    #{listItem}
                  </foreach>
                </when>
              </choose>
            </foreach>
          </trim>
        </if>
      </foreach>
    </where>
  </sql>
  <sql id="Base_Column_List" >
    id, username, password, salary, birthday, gender, station, telephone, remark, qx
  </sql>
  <select id="selectByExample" resultMap="BaseResultMap" parameterType="JW.pojo.TUserExample" >
    select
    <if test="distinct" >
      distinct
    </if>
    <include refid="Base_Column_List" />
    from t_user
    <if test="_parameter != null" >
      <include refid="Example_Where_Clause" />
    </if>
    <if test="orderByClause != null" >
      order by ${orderByClause}
    </if>
  </select>
  <select id="selectByPrimaryKey" resultMap="BaseResultMap" parameterType="java.lang.String" >
    select 
    <include refid="Base_Column_List" />
    from t_user
    where id = #{id,jdbcType=VARCHAR}
  </select>
  <delete id="deleteByPrimaryKey" parameterType="java.lang.String" >
    delete from t_user
    where id = #{id,jdbcType=VARCHAR}
  </delete>
  <delete id="deleteByExample" parameterType="JW.pojo.TUserExample" >
    delete from t_user
    <if test="_parameter != null" >
      <include refid="Example_Where_Clause" />
    </if>
  </delete>
  <insert id="insert" parameterType="JW.pojo.TUser" >
    insert into t_user (id, username, password, 
      salary, birthday, gender, 
      station, telephone, remark, 
      qx)
    values (#{id,jdbcType=VARCHAR}, #{username,jdbcType=VARCHAR}, #{password,jdbcType=VARCHAR}, 
      #{salary,jdbcType=DOUBLE}, #{birthday,jdbcType=DATE}, #{gender,jdbcType=VARCHAR}, 
      #{station,jdbcType=VARCHAR}, #{telephone,jdbcType=VARCHAR}, #{remark,jdbcType=VARCHAR}, 
      #{qx,jdbcType=VARCHAR})
  </insert>
  <insert id="insertSelective" parameterType="JW.pojo.TUser" >
    insert into t_user
    <trim prefix="(" suffix=")" suffixOverrides="," >
      <if test="id != null" >
        id,
      </if>
      <if test="username != null" >
        username,
      </if>
      <if test="password != null" >
        password,
      </if>
      <if test="salary != null" >
        salary,
      </if>
      <if test="birthday != null" >
        birthday,
      </if>
      <if test="gender != null" >
        gender,
      </if>
      <if test="station != null" >
        station,
      </if>
      <if test="telephone != null" >
        telephone,
      </if>
      <if test="remark != null" >
        remark,
      </if>
      <if test="qx != null" >
        qx,
      </if>
    </trim>
    <trim prefix="values (" suffix=")" suffixOverrides="," >
      <if test="id != null" >
        #{id,jdbcType=VARCHAR},
      </if>
      <if test="username != null" >
        #{username,jdbcType=VARCHAR},
      </if>
      <if test="password != null" >
        #{password,jdbcType=VARCHAR},
      </if>
      <if test="salary != null" >
        #{salary,jdbcType=DOUBLE},
      </if>
      <if test="birthday != null" >
        #{birthday,jdbcType=DATE},
      </if>
      <if test="gender != null" >
        #{gender,jdbcType=VARCHAR},
      </if>
      <if test="station != null" >
        #{station,jdbcType=VARCHAR},
      </if>
      <if test="telephone != null" >
        #{telephone,jdbcType=VARCHAR},
      </if>
      <if test="remark != null" >
        #{remark,jdbcType=VARCHAR},
      </if>
      <if test="qx != null" >
        #{qx,jdbcType=VARCHAR},
      </if>
    </trim>
  </insert>
  <select id="countByExample" parameterType="JW.pojo.TUserExample" resultType="java.lang.Integer" >
    select count(*) from t_user
    <if test="_parameter != null" >
      <include refid="Example_Where_Clause" />
    </if>
  </select>
  <update id="updateByExampleSelective" parameterType="map" >
    update t_user
    <set >
      <if test="record.id != null" >
        id = #{record.id,jdbcType=VARCHAR},
      </if>
      <if test="record.username != null" >
        username = #{record.username,jdbcType=VARCHAR},
      </if>
      <if test="record.password != null" >
        password = #{record.password,jdbcType=VARCHAR},
      </if>
      <if test="record.salary != null" >
        salary = #{record.salary,jdbcType=DOUBLE},
      </if>
      <if test="record.birthday != null" >
        birthday = #{record.birthday,jdbcType=DATE},
      </if>
      <if test="record.gender != null" >
        gender = #{record.gender,jdbcType=VARCHAR},
      </if>
      <if test="record.station != null" >
        station = #{record.station,jdbcType=VARCHAR},
      </if>
      <if test="record.telephone != null" >
        telephone = #{record.telephone,jdbcType=VARCHAR},
      </if>
      <if test="record.remark != null" >
        remark = #{record.remark,jdbcType=VARCHAR},
      </if>
      <if test="record.qx != null" >
        qx = #{record.qx,jdbcType=VARCHAR},
      </if>
    </set>
    <if test="_parameter != null" >
      <include refid="Update_By_Example_Where_Clause" />
    </if>
  </update>
  <update id="updateByExample" parameterType="map" >
    update t_user
    set id = #{record.id,jdbcType=VARCHAR},
      username = #{record.username,jdbcType=VARCHAR},
      password = #{record.password,jdbcType=VARCHAR},
      salary = #{record.salary,jdbcType=DOUBLE},
      birthday = #{record.birthday,jdbcType=DATE},
      gender = #{record.gender,jdbcType=VARCHAR},
      station = #{record.station,jdbcType=VARCHAR},
      telephone = #{record.telephone,jdbcType=VARCHAR},
      remark = #{record.remark,jdbcType=VARCHAR},
      qx = #{record.qx,jdbcType=VARCHAR}
    <if test="_parameter != null" >
      <include refid="Update_By_Example_Where_Clause" />
    </if>
  </update>
  <update id="updateByPrimaryKeySelective" parameterType="JW.pojo.TUser" >
    update t_user
    <set >
      <if test="username != null" >
        username = #{username,jdbcType=VARCHAR},
      </if>
      <if test="password != null" >
        password = #{password,jdbcType=VARCHAR},
      </if>
      <if test="salary != null" >
        salary = #{salary,jdbcType=DOUBLE},
      </if>
      <if test="birthday != null" >
        birthday = #{birthday,jdbcType=DATE},
      </if>
      <if test="gender != null" >
        gender = #{gender,jdbcType=VARCHAR},
      </if>
      <if test="station != null" >
        station = #{station,jdbcType=VARCHAR},
      </if>
      <if test="telephone != null" >
        telephone = #{telephone,jdbcType=VARCHAR},
      </if>
      <if test="remark != null" >
        remark = #{remark,jdbcType=VARCHAR},
      </if>
      <if test="qx != null" >
        qx = #{qx,jdbcType=VARCHAR},
      </if>
    </set>
    where id = #{id,jdbcType=VARCHAR}
  </update>
  <update id="updateByPrimaryKey" parameterType="JW.pojo.TUser" >
    update t_user
    set username = #{username,jdbcType=VARCHAR},
      password = #{password,jdbcType=VARCHAR},
      salary = #{salary,jdbcType=DOUBLE},
      birthday = #{birthday,jdbcType=DATE},
      gender = #{gender,jdbcType=VARCHAR},
      station = #{station,jdbcType=VARCHAR},
      telephone = #{telephone,jdbcType=VARCHAR},
      remark = #{remark,jdbcType=VARCHAR},
      qx = #{qx,jdbcType=VARCHAR}
    where id = #{id,jdbcType=VARCHAR}
  </update>
</mapper>